name,lat,lng,country_id,place_type_id
A'ali an Nil,9.530000978,31.65499829,187,2
Aargau,47.39000401,8.034003439,200,2
Abengourou,6.726996066,-3.490001558,50,2
Abia,5.532002985,7.486002316,149,2
Abidjan,5.32485898,-4.021892681,50,2
Abkhazia,43.00700398,40.98899734,76,2
Aboisso,5.466698996,-3.200003691,50,2
Abruzzi,42.35943597,13.41081029,101,2
Abu Zaby,24.476004,54.37099841,218,2
Abuja Capital Territory (Abuja),9.057266953,7.2563853,149,2
Aceh,5.566662048,95.33333733,95,2
Acre,-9.979001961,-67.8120027,27,2
Ad Daqahliyah,31.03900202,31.38000333,60,2
Ad Dawhah,25.28435693,51.53233541,167,2
Adamawa,9.239003921,12.46500035,149,2
Adamoua,7.32400203,13.58399737,34,2
Adana,36.99999895,35.32400136,212,2
Aden,12.76624807,45.04149936,229,2
Adiyaman,37.76499896,38.27899838,212,2
Adrar,27.86799604,-0.2899977073,3,2
Adrar,20.51099998,-13.04999966,127,2
Adzope,6.098003931,-3.863996613,50,2
Aegean Islands,38.37300297,26.13899734,80,2
Afyon,38.76399899,30.53999736,212,2
Agadez,16.99399794,7.983000382,148,2
Agboville,5.927004039,-4.221998666,50,2
Aginskiy Buryatskiy avtonomnyy okrug,51.16699807,114.5330013,170,2
Agnibilekrou,7.12800004,-3.202001575,50,2
Agri,39.72400196,43.06200336,212,2
Aguascalientes,21.88799993,-102.2900036,130,2
Ahuachapan,13.91900393,-89.84500163,61,2
Ahvenanmaa,60.09699608,19.94900429,69,2
Aisen del General Carlos Ibanez del Campo,-45.40200293,-72.70199965,40,2
Ajaria,41.63332495,41.63332534,76,2
Ajdabiya,30.76000203,20.22399941,116,2
Ajman,25.40285994,55.44108939,218,2
Akershus,59.91348595,11.34723634,154,2
Aktyubinsk,50.27100302,57.23100037,106,2
Akwa Ibom,5.007996,7.849998352,149,2
Al Ahmadi,29.09699998,48.06800137,109,2
Al Anbar,33.43200296,43.31199638,97,2
Al Bahr al Ahmar,27.23329803,33.83330437,60,2
Al Balqa',32.04299701,35.72299835,105,2
Al Basrah,30.50349293,47.76086734,97,2
Al Bayda',13.97899804,45.57400244,229,2
Al Biqa',33.84299702,35.91900034,113,2
Al Buhayrah,31.03000203,30.47200244,60,2
Al Fayyum,29.31666299,30.83333435,60,2
Al Fujayrah,25.11900003,56.34999929,218,2
Al Gharbiyah,30.77900105,30.99600032,60,2
Al Hasakah,36.49300203,40.76700333,201,2
Al Hudaydah,14.79500094,42.94600229,229,2
Al Hudud ash Shamaliyah,30.98330105,41.03330443,175,2
Al Iskandariyah,31.20449395,29.90510143,60,2
Al Isma'iliyah,30.58900198,32.26599937,60,2
Al Jahrah,29.33199902,47.69600437,109,2
Al Jawf,29.99999698,40.13330434,175,2
Al Jizah,30.05151304,31.22095533,60,2
Al Kaf,36.16669804,8.666703401,211,2
Al Karak,31.17999592,35.70300031,105,2
Al Khartum,15.58500297,32.50499889,195,2
Al Khums,32.65030797,14.26997728,116,2
Al Kuwayt,29.38591807,47.9740414,109,2
Al Ladhiqiyah,35.52100199,35.79200139,201,2
Al Madinah,24.42999607,39.69999944,175,2
Al Mafraq,32.28329699,36.23329832,105,2
Al Mahdiyah,35.48391296,11.04087644,211,2
Al Manamah,26.21666704,50.58333942,15,2
Al Minufiyah,30.59199905,30.89999729,60,2
Al Minya,28.08899996,30.7590034,60,2
Al Muharraq,26.26199996,50.61600043,15,2
Al Munastir,35.73070205,10.76729439,211,2
Al Muthanna,31.314996,45.28199742,97,2
Al Qadisiyah,31.98699899,44.92800041,97,2
Al Qahirah,30.07791,31.25079932,60,2
Al Qalyubiyah,30.46666504,31.18333544,60,2
Al Qasim,26.33329793,44.13330038,175,2
Al Qasrayn,35.21670302,8.716698331,211,2
Al Qayrawan,35.70000301,10.01670337,211,2
Al Qunaytirah,33.12000007,35.8250043,201,2
Al Qurayyat,31.33330197,37.33329634,175,2
Al Wadi al Jadid,25.43599804,30.55699832,60,2
Alabama,31.52165398,-87.20784858,220,2
Alagoas,-9.676890028,-35.74772063,27,2
Alajuela,10.016001,-84.22100059,49,2
Alaska,61.81020537,-149.3346362,220,2
Alba,46.07700304,23.5800004,169,2
Alberta,52.29300143,-113.7789986,35,2
Alger,36.78329694,3.050001347,3,2
Ali Sabih,11.15199899,42.71200244,56,2
Alma-Ata,43.255062,76.91262345,106,2
Alsace,48.58299904,7.767999379,70,2
Alta Verapaz,15.47100003,-90.37199659,85,2
Altayskiy kray,53.35000208,83.75000429,170,2
Alto Paraguay,-21.03599701,-58.03000165,160,2
Alto Parana,-25.52699697,-54.6229976,160,2
Alvsborgs,58.36300203,12.33000043,199,2
Amambay,-22.53300307,-55.74799772,160,2
Amapa,0.03600007845,-51.04799967,27,2
Amasya,40.65000301,35.83500332,212,2
Amazonas,-3.122001041,-60.01499668,27,2
Amazonas,-4.149998935,-69.94999763,44,2
Amazonas,-6.235002023,-77.86799968,161,2
Amazonas,5.66600404,-67.63499956,224,2
American Samoa,-14.26837498,-170.6978607,4,2
Amman,31.94937893,35.93290543,105,2
Amurskaya oblast',50.28333304,127.5333393,170,2
An Giang,10.38200402,105.4379974,225,2
An Nabatiyah,33.38330394,35.45000145,113,2
An Najaf,31.98329993,44.3332983,97,2
Anambra,6.215004022,7.067997378,149,2
Ancash,-9.233050526,-77.99207361,161,2
Andalucia,37.27550204,-4.785497812,188,2
Andaman and Nicobar Islands,11.66756399,92.75832935,94,2
Andhra Pradesh,17.57249994,80.90750282,94,2
Andizhan,40.79400292,72.34499744,222,2
Andorra,42.49999796,1.516662363,5,2
Ang Thong,14.58330299,100.4499994,204,2
Anguilla,18.21666602,-63.06666263,7,2
Anhui,31.86099907,117.2760034,41,2
Ankara,39.92900395,32.85299738,212,2
Annaba,36.90299706,7.75600231,3,2
Antalya,36.89299804,30.70899936,212,2
Antananarivo,-18.90800094,47.52800138,120,2
Antigua & Barbuda,17.12477703,-61.84217656,8,2
Antioquia,6.240996044,-75.59199866,44,2
Antofagasta,-23.64100205,-70.39899865,40,2
Antsiranana,-12.26338208,49.30958737,120,2
Antwerpen,51.20700292,4.42600244,19,2
Anzoategui,10.18285197,-64.66265059,224,2
Appenzell Ausser-Rhoden,47.38329894,9.283302299,200,2
Appenzell Inner-Rhoden,47.33330401,9.416700332,200,2
Apure,7.901945932,-67.48000161,224,2
Apurimac,-13.64200195,-72.88399758,161,2
Aquitaine,44.84099698,-0.599003689,70,2
Ar Raqqah,35.94699896,39.03699644,201,2
Ar Rifa wa al Mintaqah al Janubiyah,26.12099696,50.54900437,15,2
Ar Riyad,24.65000097,46.77000332,175,2
Arad,46.18999793,21.32600441,169,2
Aragon,41.65100092,-0.8780036772,188,2
Aragua,10.24499696,-67.59399569,224,2
Arakan State,20.13900297,92.8950033,139,2
Arauca,7.079003969,-70.75799956,44,2
Araucania,-38.728998,-72.57599956,40,2
Arbil,36.17999995,44.01600341,97,2
Arequipa,-16.39800007,-71.52299957,161,2
Arges,44.85400201,24.88300235,169,2
Arhangay,47.45799892,101.4579994,134,2
Arhus,56.15480695,10.21277735,55,2
Arizona,34.78149902,-112.1250013,220,2
Arkansas,34.76099693,-92.31000269,220,2
Arkhangel'skaya oblast',62.89031705,43.65265086,170,2
Armenia,40.20803107,44.53267533,10,2
Arsi,7.949996925,39.14000142,65,2
Artibonite,19.44999901,-72.68900356,90,2
Artigas,-30.41000108,-56.47300165,221,2
Artvin,41.18300105,41.81799633,212,2
Aruba,12.52500301,-70.02600262,11,2
Arunachal Pradesh,27.15000298,93.54999639,94,2
Arusha,-3.366000077,36.67400133,203,2
Aryanah,36.86667307,10.19999737,211,2
As Sulaymaniyah,35.55900001,45.45399634,97,2
As Suwayda',32.706,36.5660014,201,2
As Suways,29.96000107,32.56000244,60,2
Ash Shamal,34.34375703,36.00707438,113,2
Ash Shamaliyah,20.46450147,30.87700235,195,2
Ash Shariqah,25.37199906,55.41100231,218,2
Ash Sharqiyah,30.58333201,31.51665941,60,2
Ash Sharqiyah,26.33329793,50.08329943,175,2
Ash Sharqiyah,19.61570707,37.21968932,195,2
Ashanti,6.686999989,-1.621997688,78,2
Ashkhabad,37.95041695,58.39013744,213,2
Asir,18.21999604,42.50799931,175,2
Assaba,16.61699704,-11.40399857,127,2
Assam,26.13330001,91.78329632,94,2
Astrakhanskaya oblast',46.25000098,47.99999735,170,2
Asturias,43.36900196,-5.84700269,188,2
Aswan,24.07799694,32.91800432,60,2
Asyut,27.18399597,31.18500037,60,2
At Ta'min,35.46900007,44.39099733,97,2
At Tafilah,30.83333396,35.60000444,105,2
Atacama,-27.36000005,-70.33200259,40,2
Atakora,10.31300098,1.388997346,21,2
Ataq,14.55000305,46.80000037,229,2
Atlantico,10.98399601,-74.80600159,44,2
Atlantida,15.75500392,-86.87199568,91,2
Atlantique,6.356996945,2.439999289,21,2
Attapeu,14.80799704,106.8390003,111,2
Auckland,-36.90399605,174.7610013,146,2
Aust-Agder,58.46475595,8.766000381,154,2
Australian Capital Territory,-35.35000206,149.0420074,12,2
Auvergne,45.78399899,3.090996283,70,2
Aveiro,40.64100302,-8.65099769,165,2
Ayacucho,-13.17300306,-74.22100163,161,2
Aydin,37.85599793,27.8420044,212,2
Az Zarqa,32.08329906,36.0666993,105,2
Az Zawiyah,32.75399705,12.72999628,116,2
Azarbayjan-e Bakhtari,37.53700203,45.07200031,96,2
Azarbayjan-e Khavari,38.08099795,46.28999744,96,2
Azores,37.74629699,-25.69220968,165,2
Azua,18.45399606,-70.72900169,58,2
Azuay,-2.898000043,-79.01499571,59,2
Babil,32.49700192,44.44599632,97,2
Bac Thai,21.55100404,105.8630043,225,2
Bacau,46.57100403,26.92500335,169,2
Bacs-Kiskun,46.90600203,19.69299941,92,2
Badakhshan,37.12100408,70.57899935,1,2
Baden-Wurttemberg,48.78999907,9.181998333,77,2
Badghis,34.98300005,63.13329941,1,2
Bafata,12.16799998,-14.68999766,88,2
Baghdad,33.33400205,44.39799944,97,2
Baghlan,36.13200307,68.70300328,1,2
Bagmati,27.71201693,85.31295343,142,2
Bahamas,25.06699795,-77.33999659,205,2
Bahia,-12.99300301,-38.48100264,27,2
Bahr al Ghazal,7.695999036,27.9919983,187,2
Baja California,32.65499695,-115.4670027,130,2
Baja California Sur,24.15642295,-110.3095256,130,2
Baja Verapaz,15.10299896,-90.31400069,85,2
Bajah,36.725004,9.191997352,211,2
Bakhtaran,34.30799998,47.05700444,96,2
Bakool,4.183298918,43.8667024,184,2
Baku,40.32399607,49.8159993,14,2
Bale,7.005996054,39.97500333,65,2
Bali,-8.70668995,115.2172713,95,2
Balikesir,39.64799697,27.88299934,212,2
Balkh,36.703998,67.1100033,1,2
Baluchistan,30.209004,67.01799637,156,2
Bamako,12.65295597,-7.986482667,123,2
Bamian,34.82000096,67.81100433,1,2
Bamingui-Bangoran,8.409995989,20.65100434,38,2
Banaadir,2.041173022,45.34414233,184,2
Bandundu,-5.322496498,18.19300084,47,2
Banghazi,32.12199907,20.06800243,116,2
Bangolo,7.016697055,-7.483301635,50,2
Bani Suwayf,29.07600292,31.09699831,60,2
Banjul,13.45947748,-16.59289459,206,2
Banzart,37.29745798,9.861921374,211,2
Baoruco,18.47899799,-71.42200158,58,2
Barahona,18.20799898,-71.09999967,58,2
Baranya,46.07499605,18.22500033,92,2
Barbados,13.09587298,-59.61584662,17,2
Bari,11.25914403,49.16670332,184,2
Barinas,8.630001053,-70.2099986,224,2
Barisal,22.70300397,90.37400439,16,2
Bas-Zaire,-5.81699692,13.47100232,47,2
Basel-Landschaft,47.48300102,7.737003297,200,2
Basel-Stadt,47.54700001,7.576002424,200,2
Basilicata,40.64200204,15.79899632,101,2
Bassar,9.261000009,0.789003409,208,2
Basse-Kotto,4.320000004,21.17999735,38,2
Basse-Normandie,49.44241194,-0.6172886405,70,2
Batdambang,13.08899697,103.2039993,33,2
Batha,13.21399803,18.33800432,39,2
Batna,35.55700196,6.172002324,3,2
Bauchi,10.31000407,9.845001332,149,2
Bay,3.133296,43.4999974,184,2
Bay of Plenty,-37.70000108,176.1550024,146,2
Bayan-Olgiy,48.96199799,89.96699733,134,2
Bayanhongor,46.69200005,100.1230024,134,2
Bayern,48.14097299,11.54295039,77,2
Bayrut,33.88332605,35.49999638,113,2
Bazega,12.06399598,-1.333997706,31,2
Bechar,31.60800004,-2.220002677,3,2
Beijing,39.90618905,116.3880364,41,2
Beja,38.01400206,-7.863002567,165,2
Bejaia,36.75699894,5.077998293,3,2
Bekes,46.67200202,21.10100438,92,2
Belgorodskaya oblast',50.59700103,36.61000234,170,2
Belize,17.49600007,-88.18199958,20,2
Ben Tre,10.23499794,106.3749964,225,2
Bengkulu,-3.799998017,102.2666764,95,2
Bengo,-8.577998935,13.66299944,6,2
Benguela,-12.57699595,13.40600431,6,2
Benue,7.747001927,8.52300037,149,2
Beoumi,7.668999053,-5.576003671,50,2
Berat,40.70999696,19.9719994,2,2
Berea,-29.15299796,27.75300332,114,2
Berlin,52.51626892,13.32756936,77,2
Bermuda,32.28903,-64.77916465,22,2
Bern,46.94799599,7.445997304,200,2
Bethanien,-26.50200303,17.16100229,140,2
Beyla,8.686997928,-8.65700061,87,2
Bheri,28.06399803,81.6200014,142,2
Biala Podlaska,52.029999,23.12700328,164,2
Bialystok,53.12999701,23.15899839,164,2
Biankouma,7.733304017,-7.616699667,50,2
Bie,-12.38000404,16.93899934,6,2
Bielsko,49.82100298,19.0530003,164,2
Bihar,25.61400004,85.13499644,94,2
Bihor,47.05800308,21.94200028,169,2
Bilecik,40.14999893,29.98299641,212,2
Biltine,14.53400094,20.92300238,39,2
Bingol,38.88500395,40.49800236,212,2
Binh Dinh,13.76666099,109.2333244,225,2
Binh Thuan,10.92099605,108.1040044,225,2
Bio-Bio,-36.82600195,-73.05499764,40,2
Bioko Norte,3.743604037,8.772561312,62,2
Bioko Sur,3.449996971,8.550000353,62,2
Bishkek,42.87999593,74.77000242,110,2
Biskra,34.85699996,5.726997403,3,2
Bissau,11.86399806,-15.59799872,88,2
Bistrita-Nasaud,47.138004,24.51300339,169,2
Bitlis,38.39400003,42.12299744,212,2
Blekinge,56.20300208,15.29600443,199,2
Blida,36.48099602,2.834001319,3,2
Boaco,12.47100304,-85.66000164,147,2
Bocas del Toro,9.333908965,-82.24938856,158,2
Boffa,10.18500301,-14.0429966,87,2
Boke,10.93899604,-14.29700359,87,2
Bolama,11.58300002,-15.48600269,88,2
Bolivar,10.41399896,-75.53400259,44,2
Bolivar,-1.605995973,-79.00299864,59,2
Bolivar,8.127000067,-63.55299561,224,2
Bolu,40.73900393,31.61199636,212,2
Bondoukou,8.027999965,-2.791997607,50,2
Bong,7.00000207,-9.483299574,115,2
Bongouanou,6.650000987,-4.200002578,50,2
Boqueron,-22.03000208,-60.60999566,160,2
Borgou,9.330003054,2.626002426,21,2
Borkou-Ennedi-Tibesti,17.92999801,19.11999636,39,2
Bornholm,55.11670198,14.71670141,55,2
Borno,11.85100197,13.16099731,149,2
Borsod-Abauj-Zemplen,48.10499998,20.79999937,92,2
Bosnia & Herzegovina,43.86999596,18.43000231,25,2
Botosani,47.74599907,26.66700043,169,2
Bouafle,6.977997046,-5.748002587,50,2
Bouake,7.687998066,-5.030999623,50,2
Bouenza,-4.16400299,13.55400032,46,2
Bougouriba,10.95200107,-3.248000572,31,2
Bouira,36.38099706,3.897000331,3,2
Boulgou,11.77399795,-0.359000587,31,2
Boulkiemde,12.24899993,-2.364002586,31,2
Bouna,9.269000978,-2.991995696,50,2
Boundiali,9.522000008,-6.488999689,50,2
Bourdj Bou Arrer,36.05900392,4.629996298,3,2
Bourgogne,47.31800405,5.036004333,70,2
Boyaca,5.546996963,-73.36199664,44,2
Braga,41.54499904,-8.426996692,165,2
Braganca,41.80799692,-6.755003584,165,2
Braila,45.29199605,27.96900335,169,2
Brakna,17.05799693,-13.90899571,127,2
Brandenburg,52.39500299,12.92000429,77,2
Brasov,45.65600102,25.61100336,169,2
Bratislava,48.14999996,17.12999744,181,2
Bremen,53.31500104,8.720649336,77,2
Brest,52.09599603,23.70300341,18,2
Bretagne,48.25115101,-3.088498154,70,2
British Columbia,50.67976796,-125.5480226,35,2
British Virgin Is.,18.40906808,-64.62170066,28,2
Brokopondo,5.066702983,-54.96669856,196,2
Brong-Ahafo,7.335998933,-2.336003578,78,2
Brunei,4.932998971,114.9669994,29,2
Bruxelles-Brussel,50.83700397,4.367997439,19,2
Bryanskaya oblast',53.25699596,34.44800434,170,2
Bubanza,-3.083301032,29.36670332,32,2
Bucuresti,44.43048001,26.12296843,169,2
Budapest,47.51499596,19.09400434,92,2
Buenos Aires,-36.82098448,-60.11203009,9,2
Bujumbura,-3.372002996,29.35600232,32,2
Bukhara,39.76599592,64.42200043,222,2
Bulgan,48.81400198,103.5549994,134,2
Bur Sa'id,31.25699993,32.29200033,60,2
Burdur,37.71666002,30.28333535,212,2
Burgas,42.52799696,27.46400431,30,2
Burgenland,47.83329898,16.53329729,13,2
Buriram,14.99599806,103.1120013,204,2
Bursa,40.19599793,29.07500428,212,2
Bururi,-3.951000036,29.61199843,32,2
Bushehr,28.92200399,50.83299932,96,2
Buskerud,59.69999697,10.19999737,154,2
Busoga,0.4380030775,33.20299829,216,2
Butare,-2.600001041,29.73200436,171,2
Butha-Buthe,-28.74999594,28.25000139,114,2
Buzau,45.14799598,26.8229974,169,2
Bydgoszcz,53.11199702,18.02899834,164,2
Byumba,-1.580003951,30.06299733,171,2
Caaguazu,-25.45299897,-56.42800168,160,2
Caazapa,-26.19999899,-56.36799863,160,2
Cabanas,13.86669603,-88.63329569,61,2
Cabinda,-5.556995945,12.18999629,6,2
Cabo Delgado,-12.96665999,40.50000041,138,2
Cacheu,12.26899797,-16.16499869,88,2
Cajamarca,-7.16200193,-78.5109957,161,2
Calabria,38.90400296,16.59099631,101,2
Calarasi,44.20400404,27.41100337,169,2
Caldas,5.067000026,-75.51800065,44,2
California,36.373806,-120.5495847,220,2
Callao,-12.05700294,-77.1440037,161,2
Camaguey,21.38599797,-77.91399867,52,2
Campania,40.83336006,14.25002442,101,2
Campeche,19.85499892,-90.52599568,130,2
Can Tho,10.03200294,105.7840024,225,2
Canakkale,40.15500299,26.41400139,212,2
Canar,-2.750004035,-78.84399565,59,2
Canarias,28.30835252,-15.83335314,188,2
Canelones,-34.53800403,-56.2840016,221,2
Canindeyu,-24.04999806,-54.28330168,160,2
Cankiri,40.60700092,33.6210034,212,2
Cankuzo,-3.166703969,30.51669643,32,2
Cantabria,43.46261094,-3.800537601,188,2
Canterbury,-43.52400004,172.6380003,146,2
Cao Bang,22.66399798,106.2680044,225,2
Cape Verde,14.92299908,-23.52099556,36,2
Caqueta,1.60599601,-75.61500271,44,2
Carabobo,10.17800106,-68.00300063,224,2
Caras-Severin,45.29099703,21.89199642,169,2
Carazo,11.84599807,-86.19499757,147,2
Carchi,0.8219969864,-77.73200057,59,2
Cartago,9.856998012,-83.9210037,49,2
Casanare,5.346999039,-72.4059987,44,2
Castelo Branco,39.81099606,-7.487999716,165,2
Castilla y Leon,41.65000206,-4.721003718,188,2
Castilla-La Mancha,39.85900204,-4.028003661,188,2
Cataluna,41.35799704,2.159001417,188,2
Catamarca,-28.46600099,-65.78099958,9,2
Cauca,2.420001027,-76.60400372,44,2
Cayenne,4.934997021,-52.32999562,71,2
Cayman Is.,19.29999602,-81.38332767,37,2
Cayo,17.13799802,-88.9305026,20,2
Ceara,-3.782997054,-38.58900257,27,2
Central,-22.38900299,26.71100137,26,2
Central,5.104998053,-1.247003608,78,2
Central,-0.4169970411,36.95100343,107,2
Central,-13.98300304,33.7740033,121,2
Central,-25.35550195,-57.4524986,160,2
Central,7.283997017,80.63700331,189,2
Central,0.3230010361,32.57499641,216,2
Central,-14.44699804,28.4470024,230,2
Central Equatoria,4.844060771,31.59711856,187,2
Central Greece and Evvoia,38.266431,23.25846036,80,2
Centre,3.864996064,11.51399737,34,2
Centre,47.91400205,1.906002387,70,2
Centre,19.14300002,-72.0039957,90,2
Centre,33.60500107,-7.631999625,137,2
Centre-North,34.04400307,-4.99599867,137,2
Centre-South,33.90399893,-5.556995556,137,2
Centro Sur,1.449999033,10.56670238,62,2
Cerro Largo,-32.36300099,-54.17700259,221,2
Cesar,10.46700007,-73.25099963,44,2
Ceuta,35.88329702,-5.316695576,188,2
Ch'ungch'ong-bukto,36.63500405,127.4979963,186,2
Ch'ungch'ong-namdo,36.32400002,127.4339973,186,2
Chachoengsao,13.67900099,101.0760034,204,2
Chaco,-27.45700194,-58.98699862,9,2
Chaco,-19.96669804,-60.74999963,160,2
Chagang-do,40.96899908,126.5959984,152,2
Chahar Mahall va Bakhtiari,32.32099797,50.85399638,96,2
Chai Nat,15.17900395,100.1259994,204,2
Chaiyaphum,15.79799707,102.0400023,204,2
Chalatenango,14.07200399,-89.09399657,61,2
Champagne-Ardenne,49.23800107,4.030002361,70,2
Champasak,14.88330004,105.8667034,111,2
Chandigarh,30.73799701,76.78400442,94,2
Chanthaburi,12.60600296,102.1169974,204,2
Chardzhou,39.08799895,63.5730034,213,2
Chari-Baguirmi,12.10413603,15.2408254,39,2
Chechenskaya Respublika,43.31099696,45.68400042,170,2
Cheju-do,33.50819694,126.5333403,186,2
Chelm,51.13299598,23.49600338,164,2
Chelyabinskaya oblast',55.14499803,61.39299631,170,2
Cherkassy,49.44400207,32.08100436,217,2
Chernigov,51.50400306,31.31199931,217,2
Chernovtsy,48.28200296,25.94500234,217,2
Chiang Mai,18.78699602,99.0000003,204,2
Chiang Rai,19.90600198,99.83300433,204,2
Chiapas,16.74399599,-93.10899569,130,2
Chihuahua,28.630998,-106.0739996,130,2
Chimaltenango,14.66199908,-90.81999858,85,2
Chimborazo,-1.671002919,-78.64499659,59,2
Chimbu,-6.022997929,144.9600124,159,2
Chimkent,42.30299694,69.57299738,106,2
Chin State,22.65000303,93.61670434,139,2
Chinandega,12.62400295,-87.12999861,147,2
Chiquimula,14.79699899,-89.54399661,85,2
Chiriqui,8.427995978,-82.43099959,158,2
Chitinskaya oblast',51.18750001,112.1245024,170,2
Chittagong,22.329999,91.82500234,16,2
Chobe,-17.83330207,25.08329732,26,2
Choco,5.690997037,-76.65399865,44,2
Cholla-bukto,35.81666105,127.1333253,186,2
Choluteca,13.30299895,-87.19399759,91,2
Chon Buri,13.36799696,100.9870023,204,2
Chonburi,12.928,100.877,204,2
Chontales,12.104001,-85.37000361,147,2
Christmas I.,-10.41669896,105.7167004,42,2
Chubu,35.2824975,136.8414994,103,2
Chubut,-44.5649985,-66.29999812,9,2
Chugoku,34.16399999,131.6891524,103,2
Chukotskiy avtonomnyy okrug,64.75527006,177.4802524,170,2
Chumphon,10.49300103,99.17700344,204,2
Chuquisaca,-19.04200199,-65.25600267,24,2
Chuvashskaya Respublika,56.15000098,47.25000042,170,2
Ciechanow,52.88200204,20.62199737,164,2
Ciego de Avila,21.84100207,-78.76299571,52,2
Cienfuegos,22.14999895,-80.44399758,52,2
Ciudad de la Habana,23.04895501,-82.41645556,52,2
Clarendon,17.969004,-77.24300364,102,2
Cluj,46.77699594,23.59999844,169,2
Coahuila,25.41799805,-100.9940036,130,2
Coast,-4.05094505,39.65489141,107,2
Cochabamba,-17.384004,-66.16700064,24,2
Cocle,8.513000962,-80.35499666,158,2
Cocos Is.,-12.15753294,96.82607738,43,2
Coimbra,40.21299906,-8.415998648,165,2
Cojedes,9.657998947,-68.58999864,224,2
Colima,19.25099995,-103.7349986,130,2
Colon,15.91661708,-85.94862268,91,2
Colon,9.355113048,-79.89534859,158,2
Colonia,-34.47999902,-57.84000258,221,2
Colorado,39.578004,-105.0789957,220,2
Comayagua,14.45400002,-87.64299861,91,2
Commewijne,5.911001935,-55.07299765,196,2
Comoe,10.62700208,-4.758002554,31,2
Comoros,-11.70000008,43.24300243,45,2
Conakry,9.549999016,-13.67199862,87,2
Concepcion,-23.402997,-57.42899959,160,2
Connacht,53.27100001,-9.064997593,98,2
Connecticut,41.76000004,-72.70299867,220,2
Constanta,44.13300295,28.63099839,169,2
Constantine,36.36,6.608997339,3,2
Cook Is.,-21.23330401,-159.7666946,48,2
Copan,14.76600307,-88.77799758,91,2
Copperbelt,-12.96800107,28.6340044,230,2
Coquimbo,-29.92999951,-71.28850012,40,2
Cordillera,-25.38700193,-57.14000058,160,2
Cordoba,-31.31600392,-64.17999863,9,2
Cordoba,8.756999998,-75.88199669,44,2
Coronie,5.883299971,-56.31669869,196,2
Corozal,18.39799805,-88.38800059,20,2
Corrientes,-27.486999,-58.81799661,9,2
Corse,41.96099699,8.661996384,70,2
Cortes,15.50199595,-88.02800065,91,2
Corum,40.55399998,34.96400142,212,2
Cotopaxi,-0.9320040319,-78.6059997,59,2
Covasna,45.86799602,25.79300129,169,2
Crete,35.33799592,25.13400333,80,2
Crimean,44.96200194,34.10399741,217,2
Croatia,45.57015001,15.19865139,51,2
Cross River,4.957002045,8.314002287,149,2
Csongrad,46.25600406,20.15700335,92,2
Cuando Cubango,-14.79999603,17.8667014,6,2
Cuanza Norte,-9.297998973,14.91399931,6,2
Cuanza Sul,-11.20899599,13.84900241,6,2
Cunene,-17.04999592,15.78330036,6,2
Cuscatlan,13.71670197,-88.93330168,61,2
Cusco,-13.52600105,-71.98700367,161,2
Cuvette,-0.4833000549,15.91669839,46,2
Cyangugu,-2.496069029,28.88979332,171,2
Czestochowa,50.81000398,19.11899733,164,2
Dabakala,8.357003985,-4.419998705,50,2
Dabola,10.74799794,-11.10899664,87,2
Dac Lac,12.66666298,108.0500044,225,2
Dadra and Nagar Haveli,20.19154503,73.00179033,94,2
Dahuk,36.86670004,43.00000242,97,2
Dajabon,19.54799993,-71.70499767,58,2
Dakar,14.68700101,-17.4519987,176,2
Dakhlet Nouadhibou,20.90005206,-17.0667357,127,2
Dalaba,10.65599995,-12.27200372,87,2
Daloa,6.882002955,-6.445997602,50,2
Daman & Diu,20.416365,72.84999631,94,2
Danane,7.26100207,-8.153999624,50,2
Daoukro,7.052003986,-3.959000616,50,2
Dar es Salaam,-6.817356064,39.2533473,203,2
Dar'a,32.62500006,36.10500331,201,2
Darfur,13.62699907,25.35000336,195,2
Darhan,49.90246198,106.1763304,134,2
Darien,8.397864051,-78.13726161,158,2
Darnah,32.75400599,22.63899644,116,2
Dayr az Zawr,35.33599804,40.15400436,201,2
Delaware,39.12900298,-75.5250026,220,2
Delhi,28.61769601,77.21670637,94,2
Delta,6.192998998,6.740001319,149,2
Delta Amacuro,9.056997049,-62.04999557,224,2
Demerara-Mahaica,6.769997988,-58.16999669,89,2
Denizli,37.77699603,29.08600233,212,2
Dhaka,23.70991494,90.40714232,16,2
Dhamar,14.55000305,44.39300431,229,2
Dhawalagiri,28.26669598,83.58329738,142,2
Dhi Qar,31.04299795,46.25600429,97,2
Dibre,41.68330201,20.4333033,2,2
Diekirch,49.88330095,6.166701386,119,2
Diffa,13.31669702,12.61670435,148,2
Dikhil,11.10400195,42.37200037,56,2
Dimashq,33.49999805,36.29999734,201,2
Dimbokro,6.643998068,-4.705001613,50,2
Dimbovita,44.93799904,25.45900231,169,2
Dinguiraye,11.29899597,-10.72600159,87,2
Diourbel,14.65299892,-16.23400157,176,2
District of Columbia,38.89090807,-76.95383369,220,2
Distrito Especial,4.630220967,-74.08051163,44,2
Distrito Federal,-34.62249601,-58.4498337,9,2
Distrito Federal,-15.79211094,-47.89774766,27,2
Distrito Federal,19.42704908,-99.12757465,130,2
Distrito Federal,10.49604295,-66.89827756,224,2
Divo,5.839001981,-5.360003643,50,2
Diyala,33.74399692,44.64299733,97,2
Diyarbakir,37.91400293,40.23099944,212,2
Djelfa,34.68099601,3.249999437,3,2
Djibouti,11.50000202,43.10000138,56,2
Dnepropetrovsk,48.42299702,35.13799839,217,2
Dodoma,-6.174998972,35.73800143,203,2
Dolj,44.32500007,23.81300139,169,2
Dominica,15.29900095,-61.38846868,57,2
Donetsk,48.04014594,37.73705429,217,2
Dong Nai,10.95000302,106.8166623,225,2
Dong Thap,10.46700007,105.6359973,225,2
Dornod,48.06000001,114.5060014,134,2
Dornogovi,44.88499793,110.1169984,134,2
Dosso,13.04700301,3.20400044,148,2
Drenthe,53.00000099,6.550002414,143,2
Duarte,19.30100398,-70.25399972,58,2
Dubayy,25.27100107,55.32900334,218,2
Duekoue,6.74199898,-7.335998673,50,2
Dumyat,31.42199707,31.81300241,60,2
Dundgovi,45.76100405,106.2649984,134,2
Durango,24.02900103,-104.6629976,130,2
Durazno,-33.41700001,-56.51000065,221,2
Durres,41.32700096,19.45400444,2,2
Dushanbe,38.62999793,68.9000043,202,2
Dzavhan,47.80999806,97.00000236,134,2
Dzhambul,42.88899592,71.37099934,106,2
Dzhezkazgan,47.78100002,67.7099974,106,2
Dzhizak,40.09899604,67.84200041,222,2
East Cape,-38.65899593,178.0160134,146,2
East Kazakhstan,50.000004,82.60000241,106,2
East New Britain,-4.204997925,152.1700024,159,2
East Sepik,-3.564998976,143.6200024,159,2
Eastern,6.086996951,-0.2619986996,78,2
Eastern,-0.5239979477,37.44900036,107,2
Eastern,34.68899698,-1.911995555,137,2
Eastern,7.876997946,-11.18500163,179,2
Eastern,8.568998977,81.23300131,189,2
Eastern,1.080998936,34.16699737,216,2
Eastern,-13.63200293,32.64499832,230,2
Eastern Cape,-33.22433401,27.00248131,185,2
Eastern Highlands,-6.087995938,145.3869904,159,2
Edirne,41.681997,26.5619974,212,2
Edo,6.338996956,5.625999416,149,2
El Beni,-14.84100007,-64.90299558,24,2
El Oro,-3.266000949,-79.95400162,59,2
El Paraiso,13.94399692,-86.85099862,91,2
El Progreso,14.84999993,-90.01670367,85,2
El Seibo,18.76400107,-69.03500356,58,2
Elazig,38.68100099,39.22599632,212,2
Elbasan,41.11700402,20.09300436,2,2
Elblag,54.15900303,19.40499943,164,2
Emilia-Romagna,44.50300207,11.33399732,101,2
Enga,-5.490000051,143.7180034,159,2
England,52.70919801,-1.570515667,219,2
Entre Rios,-31.73000399,-60.53200172,9,2
Enugu,6.451001923,7.4919963,149,2
Equateur,0.0479969818,18.25599641,47,2
Erzincan,39.74000407,39.50499631,212,2
Erzurum,39.90400201,41.2920004,212,2
Escuintla,14.302998,-90.78200072,85,2
Esfahan,32.65100101,51.67899944,96,2
Eskisehir,39.78399608,30.51900029,212,2
Esmeraldas,0.9539999916,-79.65999856,59,2
Espaillat,19.39699807,-70.52300068,58,2
Espirito Santo,-20.33299794,-40.41399558,27,2
Est,4.574996918,13.6850043,34,2
Esteli,13.08699892,-86.3559986,147,2
Estonia,59.41666793,24.75000032,64,2
Estuaire,0.3909959548,9.453996377,74,2
Evenkiyskiy avtonomnyy okrug,64.33299896,100.2830044,170,2
Evora,38.55999603,-7.905995718,165,2
Extremadura,38.91200393,-6.33799767,188,2
Extreme-Nord,10.59299999,14.32800032,34,2
Faeroe Islands,62.02099796,-6.769997561,67,2
Falcon,11.40299997,-69.67799958,224,2
Falkland Islands,-51.70100404,-57.84900258,66,2
Farah,32.37499794,62.11600235,1,2
Faranah,10.03899595,-10.74300256,87,2
Farmagusta,35.10600306,33.94999832,53,2
Faro,37.01899796,-7.928000577,165,2
Fars,29.60199902,52.53100232,96,2
Faryab,35.91999897,64.77599728,1,2
Fatick,14.34400204,-16.41599967,176,2
Fejer,47.190996,18.41000444,92,2
Fergana,40.385997,71.78599844,222,2
Ferkessedougou,9.593999963,-5.201999679,50,2
Fianarantsoa,-21.45999593,47.07800134,120,2
Fier,40.73000393,19.57300241,2,2
Fiji,-18.13453197,178.4477254,68,2
Finnmark,70.37950055,26.72950087,154,2
Flores,-33.54399896,-56.90099667,221,2
Florida,28.62789481,-82.0406485,220,2
Florida,-34.09900202,-56.21499856,221,2
Forecariah,9.430002016,-13.0979967,87,2
Formosa,-26.18299803,-58.17699864,9,2
Franche-Comte,47.24800198,6.018003396,70,2
Francisco Morazan,14.09900398,-87.20299759,91,2
Frederiksborg,55.93329897,12.31669836,55,2
Free State,-29.11799701,26.22500135,185,2
French Polynesia,-17.53499692,-149.5700097,72,2
Fria,10.37799899,-13.55200162,87,2
Fribourg,46.79999999,7.149996352,200,2
Friesland,53.19900006,5.787000288,143,2
Friuli-Venezia Giulia,45.64500298,13.77700229,101,2
Fujian,26.07100203,119.3040003,41,2
Fyn,55.39899592,10.39200343,55,2
Gabu,12.27999601,-14.23400363,88,2
Gagnoa,6.146000977,-5.871995687,50,2
Galapagos,-0.8999999887,-89.60599772,59,2
Galati,45.43333201,28.0500033,169,2
Galguduud,5.741999928,46.50800429,184,2
Galicia,42.87999593,-8.540999709,188,2
Gamo Gofa,6.033302964,37.54999835,65,2
Gandaki,28.26399595,83.9719983,142,2
Gansu,36.11300405,103.5999994,41,2
Ganzourgou,12.24299701,-0.6110005924,31,2
Gao,16.51649849,-1.530499126,123,2
Gaoual,11.75400008,-13.21299858,87,2
Gauteng,-25.95497851,28.11115389,185,2
Gavleborgs,60.67899896,17.18299838,199,2
Gaza,-25.04099695,33.64000241,138,2
Gaza Strip,31.52400302,34.44599736,75,2
Gaziantep,37.06900199,37.38999633,212,2
Gdansk,54.44965357,18.58749783,164,2
Gedo,3.327003062,42.22700144,184,2
Gelderland,51.98799594,5.922999393,143,2
Geneve,46.20200393,6.134004297,200,2
Georgia,33.795999,-84.34899856,220,2
Ghadamis,30.13859699,9.81835234,116,2
Ghanzi,-21.70500293,21.64699836,26,2
Gharyan,32.16600002,13.01670036,116,2
Ghazni,33.55199996,68.41999842,1,2
Ghowr,34.51670102,65.2500004,1,2
Gia Lai,13.95000001,108.0166684,225,2
Gibraltar,36.12899706,-5.352002673,79,2
Gikongoro,-2.483297993,29.56670141,171,2
Gilan,37.27400398,49.59299733,96,2
Giresun,40.91300106,38.39000432,212,2
Gisenyi,-1.694997056,29.25700238,171,2
Gitarama,-2.076002992,29.75799638,171,2
Gitega,-3.43330195,29.93329835,32,2
Giurgiu,43.92999901,25.83999931,169,2
Gjirokaster,40.078998,20.14900238,2,2
Glarus,47.05000194,9.066699414,200,2
Gnagna,12.96899997,-0.1379966639,31,2
Goa,15.49199693,73.81800042,94,2
Gobabis,-22.45500003,18.96300036,140,2
Goias,-16.72700392,-49.2550016,27,2
Gojam,10.33399804,37.7299984,65,2
Golfe,6.102837046,1.2015454,208,2
Gomel',52.44399907,30.97999838,18,2
Gonder,12.60000004,37.46799937,65,2
Gorgol,16.15200302,-13.49700263,127,2
Gorj,45.04499994,23.27400043,169,2
Gorzow,52.73600392,15.23600138,164,2
Goteborgs Och Bohus,57.74100307,11.79299735,199,2
Gotlands,57.63500103,18.29999736,199,2
Gourma,12.05499599,0.3609992864,31,2
Govi-Altay,46.32736492,96.23934034,134,2
Gracias a Dios,15.25699806,-83.78099956,91,2
Grad Sofiya,42.70726806,23.3318704,30,2
Gramsh,40.86669592,20.19999633,2,2
Granada,11.92799705,-85.95999869,147,2
Grand Anse,18.63992705,-74.11375762,90,2
Grand Bassa,5.883002927,-10.04399958,115,2
Grand Cape Mount,6.749999949,-11.36670269,115,2
Grand Jide,6.066702035,-8.133299604,115,2
Grand Kru,4.799996941,-8.166698674,115,2
Grand-Lahou,5.130999011,-5.022998653,50,2
Granma,20.34399602,-77.11299868,52,2
Graubunden,46.85699703,9.534996326,200,2
Greater Accra,5.558561954,-0.2009246385,78,2
Grenada,12.06500395,-61.74500356,82,2
Grevenmacher,49.69999801,6.333300405,119,2
Gribingui,7.00000207,19.16669734,38,2
Grodno,53.67200398,23.8410004,18,2
Groningen,53.21899793,6.575004348,143,2
Grootfontein,-19.63999805,17.34200137,140,2
Guadeloupe,16.00491602,-61.72425869,83,2
Guainia,3.882996053,-67.86669571,44,2
Guaira,-25.78400104,-56.45099663,160,2
Guam,13.46699706,144.7469914,84,2
Guanacaste,10.62600306,-85.43699967,49,2
Guanajuato,21.02000405,-101.2640036,130,2
Guangdong,22.81959351,113.6758057,41,2
Guangxi,22.2940035,108.3230013,41,2
Guantanamo,20.14299907,-75.20900361,52,2
Guarda,40.54100405,-7.262000669,165,2
Guarico,9.900998958,-67.35400169,224,2
Guatemala,14.61800707,-90.52489769,85,2
Guaviare,2.581002065,-72.57999566,44,2
Guayas,-2.20309196,-79.90787669,59,2
Gueckedou,8.553996063,-10.15100065,87,2
Guelma,36.46600205,7.427997315,3,2
Guera,12.186999,18.69800442,39,2
Guernsey,49.44999606,-2.533301636,86,2
Guerrero,17.26318798,-99.71625107,130,2
Guidimaka,15.16100396,-12.17600069,127,2
Guiglo,6.550002025,-7.483301635,50,2
Guizhou,26.57199603,106.7000044,41,2
Gujarat,23.11989752,72.61676587,94,2
Gulf,-7.927001941,145.8379984,159,2
Gumshane,40.46400004,39.48399942,212,2
Gur'yev,47.11667398,51.93333939,106,2
Gyor-Moson-Sopron,47.67800399,17.63800232,92,2
Ha Bac,21.27099593,106.1919994,225,2
Ha Giang,22.83333294,104.9333404,225,2
Ha Noi,21.03000307,105.8200024,225,2
Ha Tinh,18.350001,105.9166983,225,2
Ha'il,27.46670396,41.75000141,175,2
Hadarom,31.24999799,34.80000331,100,2
Hadhramaut,15.00000293,50.00000439,229,2
Hai Hung,20.94200101,106.3310043,225,2
Hai Phong,20.86135205,106.6797904,225,2
Hainaut,50.44599901,3.939003393,19,2
Hajdu-Bihar,47.53199693,21.64100437,92,2
Hajjah,15.69300298,43.60300237,229,2
Hakkari,37.56799795,43.75099838,212,2
Halab,36.21554104,37.15928133,201,2
Hallands,56.66200196,12.85499734,199,2
Hamadan,34.79300098,48.50900142,96,2
Hamah,35.137998,36.75200437,201,2
Hamasen,15.32999703,38.97000039,63,2
Hamburg,53.57099706,10.02799829,77,2
Hame,60.996996,24.47199936,69,2
Hamerkaz,31.91670004,34.86670233,100,2
Hamgyong-bukto,41.78400295,129.7839964,152,2
Hamgyong-namdo,39.91400103,127.5579994,152,2
Hanover,18.44299802,-78.17900371,102,2
Harerge,9.29999706,42.13330244,65,2
Harghita,46.36099798,25.52400032,169,2
Hatay,36.23333401,36.11667636,212,2
Hato Major,18.76400107,-69.25699757,58,2
Haut-Mbomou,5.389001936,26.49500134,38,2
Haut-Ogooue,-1.631996931,13.60299639,74,2
Haut-Zaire,0.5190030261,25.19600443,47,2
Haute-Kotto,6.537996021,21.99400236,38,2
Haute-Normandie,49.43199607,1.077003391,70,2
Haute-Sangha,4.248999075,15.78500136,38,2
Hawaii,21.08893866,-157.4714294,220,2
Hawalli,29.33333994,47.99999735,109,2
Hawke's Bay,-39.63999597,176.8410003,146,2
Hazafon,32.69999692,35.2833033,100,2
Hebei,38.84626803,116.3699599,41,2
Hedmark,60.82000196,11.06900138,154,2
Hefa,32.76669594,35.0000014,100,2
Heilongjiang,46.54950299,125.2939819,41,2
Helmand,31.58299794,64.35999933,1,2
Henan,34.71451646,113.0015118,41,2
Hentiy,47.33000095,110.6610034,134,2
Herat,34.34499898,62.18700328,1,2
Heredia,9.991997926,-84.1200026,49,2
Herrera,7.980002919,-80.43499759,158,2
Hessen,50.10200101,8.45458231,77,2
Heves,47.89500304,20.3830024,92,2
Hhohho,-26.13219297,31.21915082,198,2
Hidalgo,20.12000396,-98.75500159,130,2
Hiiraan,4.734000072,45.19999828,184,2
Himachal Pradesh,31.10400003,77.16600044,94,2
Hims,34.73387102,36.71817339,201,2
Ho Chi Minh,10.75918497,106.6624564,225,2
Hoa Binh,20.82999604,105.3330033,225,2
Hodh ech Chargui,16.61599802,-7.261001644,127,2
Hodh el Gharbi,16.66099799,-9.617003585,127,2
Hokkaido,43.05500102,141.3459903,103,2
Holguin,20.89099795,-76.2620036,52,2
Hong Kong,22.32695253,114.2035564,41,2
Hordaland,60.49000355,5.965843857,154,2
Hormozgan,27.19501206,56.2740034,96,2
Houaphan,20.41669795,104.0333044,111,2
Houet,11.17799995,-4.29200057,31,2
Hovd,48.00500102,91.6360023,134,2
Hovsgol,49.63699805,100.1580033,134,2
Huambo,-12.76000201,15.73599636,6,2
Huancavelica,-12.78999907,-74.98600164,161,2
Huanuco,-9.925001995,-76.23099858,161,2
Hubei,30.57300004,114.2790033,41,2
Huehuetenango,15.31700094,-91.46699964,85,2
Huila,-14.91900294,13.49199938,6,2
Huila,2.928995997,-75.28400064,44,2
Hunan,28.099998,113.0000044,41,2
Hunedoara,45.88332295,22.91667339,169,2
Hwanghae-bukto,38.50700402,125.7620044,152,2
Hwanghae-namdo,38.04000301,125.7149973,152,2
Ialomita,44.56999796,27.3819964,169,2
Iasi,47.16999894,27.58400131,169,2
Ibb,13.968,44.17900233,229,2
Ica,-14.06400299,-75.7439997,161,2
Icel,36.79700395,34.64600438,212,2
Idaho,43.61670006,-116.2167026,220,2
Idlib,35.933004,36.64099843,201,2
Ilam,33.639003,46.42299931,96,2
Ile-de-France,48.88199706,2.432997345,70,2
Illinois,40.81027501,-88.64765065,220,2
Ilubabor,8.14899599,35.53700431,65,2
Imbabura,0.3629969471,-78.13099756,59,2
Imo,5.492996997,7.026003418,149,2
Inch'on-jikhalsi,37.48624207,126.6334203,186,2
Inchiri,19.74699899,-14.39099963,127,2
Independencia,18.49300205,-71.85099563,58,2
Indiana,39.81400207,-86.13500362,220,2
Ingushskaya Respublika,43.23300302,44.78300131,170,2
Inhambane,-23.87400304,35.38800034,138,2
Intibuca,14.33300399,-88.16669962,91,2
Ionian Islands,39.61999797,19.91999732,80,2
Iowa,41.59799998,-93.6219957,220,2
Ipiros,39.65799599,20.85300031,80,2
Irbid,32.55699604,35.86100444,105,2
Irian Jaya,-2.54199604,140.7189874,95,2
Iringa,-7.776998947,35.69200243,203,2
Irkutskaya oblast',52.31699995,104.2479993,170,2
Irrawaddy,16.77400198,94.73200232,139,2
Isla de la Juventud,21.88500302,-82.79900066,52,2
Islas de la Bahia,16.32999592,-86.51899769,91,2
Isle of Man,54.15192894,-4.479182612,99,2
Isles Baleares,39.56669998,2.649996398,188,2
Isparta,37.76499896,30.55699832,212,2
Issia,6.485004016,-6.587999626,50,2
Issyk-Kul',42.48000008,78.39000033,110,2
Istanbul,41.06600096,29.0060014,212,2
Itapua,-27.37700102,-55.85100269,160,2
Ivano-Frankovsk,48.91666506,24.7166643,217,2
Ivanovskaya oblast',57.01200304,41.02000236,170,2
Izabal,15.72699597,-88.59699867,85,2
Izmir,38.43299692,27.14499931,212,2
Jabal Lubnan,33.83330398,35.53329632,113,2
Jakarta Raya,-6.16666505,106.8000034,95,2
Jalapa,14.63300104,-89.9890017,85,2
Jalisco,20.67399906,-103.3440026,130,2
Jambi,-1.600001989,103.6166763,95,2
Jammu & Kashmir,34.08100207,74.80400435,94,2
Jamtlands,63.18330306,14.6500024,199,2
Janakpur,27.325998,86.08699828,142,2
Janub Sina',28.52027106,33.42021785,60,2
Jasz-Nagykun-Szolnok,47.16999894,20.18799943,92,2
Jawa Barat,-6.911999975,107.6069974,95,2
Jawa Tengah,-6.971004001,110.4260044,95,2
Jawa Timur,-7.399998047,112.6843744,95,2
Jeju,33.38,126.53,186,2
Jelenia Gora,50.90000393,15.72699636,164,2
Jersey,49.18329895,-2.099996576,104,2
Jiangsu,32.04800107,118.7690044,41,2
Jiangxi,28.67100301,115.8890044,41,2
Jidd Hafs,26.21595595,50.53787129,15,2
Jigawa,11.79918903,9.350334434,149,2
Jihocesky,48.97400399,14.47800332,54,2
Jihomoravsky,49.20299995,16.61599841,54,2
Jijel,36.82199695,5.766003391,3,2
Jilin,43.8656085,125.9400334,41,2
Jinotega,13.09100396,-86.0000037,147,2
Jizan,16.84852192,42.57096336,175,2
Johor,1.500003065,103.7600014,122,2
Jonkopings,57.78600304,14.17799733,199,2
Jowzjan,36.66200404,65.74400139,1,2
Jubbada Dhexe,1.083302965,42.58330232,184,2
Jubbada Hoose,-0.3459959462,42.53900433,184,2
Jujuy,-24.198003,-65.30100264,9,2
Jundubah,36.50000397,8.749998442,211,2
Junin,-12.07500293,-75.21100166,161,2
Jura,47.36999703,7.344999317,200,2
Jutiapa,14.29000207,-89.89700371,85,2
Kabardino-Balkarskaya Resp.,43.48199702,43.28600435,170,2
Kabol,34.53091193,69.13675829,1,2
Kachin State,25.379001,97.38800131,139,2
Kadiogo,12.48000304,-1.67000367,31,2
Kaduna,10.51900199,7.443000394,149,2
Kaesong-si,37.96900192,126.5660013,152,2
Kafr ash Shaykh,31.10900392,30.93599744,60,2
Kahraman Maras,37.58599793,36.93699938,212,2
Kalasin,16.427997,103.5090004,204,2
Kalimantan Barat,-0.0230039476,109.3390023,95,2
Kalimantan Selatan,-3.32800205,114.5889994,95,2
Kalimantan Tengah,-2.266667969,113.9333404,95,2
Kalimantan Timur,-0.8559990422,117.0069978,95,2
Kaliningradskaya oblast',54.70800301,20.5029994,170,2
Kalisz,51.75800095,18.0829983,164,2
Kalmar,56.66699708,16.3690023,199,2
Kalmykiya-Khal'mg Tangch,46.26700194,44.2330023,170,2
Kaluzhskaya oblast',54.52399793,36.27800142,170,2
Kamchatskaya oblast',53.19999908,158.7200043,170,2
Kamphaeng Phet,16.47299697,99.52900241,204,2
Kampong Cham,11.99099701,105.4649974,33,2
Kampong Chhnang,12.25700107,104.6639974,33,2
Kampong Spoe,11.45199604,104.5189983,33,2
Kampong Thum,12.71199607,104.8889974,33,2
Kampot,10.60599592,104.1820024,33,2
Kanchanaburi,14.03330399,99.51669936,204,2
Kanem,14.12199892,15.31700133,39,2
Kangwon-do,39.15000005,127.4609973,152,2
Kangwon-do,37.85900394,127.7280004,186,2
Kankan,10.38400207,-9.305999554,87,2
Kano,11.999997,8.499996321,149,2
Kansas,39.02005806,-95.16078414,220,2
Kanto,35.54152505,139.7187394,103,2
Kaoh Kong,11.61393306,103.0426383,33,2
Kaolack,14.14299599,-16.09599564,176,2
Kapisa,35.016696,69.33330042,1,2
Karachayevo-Cherkesskaya Resp.,44.28199798,42.06300333,170,2
Karaganda,49.87920606,73.20263437,106,2
Karakalpakstan,42.46669801,59.61670232,222,2
Karamoja,2.532995918,34.64600438,216,2
Karasburg,-28.02200403,18.74500244,140,2
Karbala',32.61400201,44.02500341,97,2
Karen State,16.84999804,97.61670039,139,2
Karibib,-21.93900295,15.85299628,140,2
Karnali,29.25000005,82.21670138,142,2
Karnataka,12.92187602,76.21536641,94,2
Karnten,46.61800205,14.30399741,13,2
Kars,40.59299703,43.07799636,212,2
Karuzi,-3.099996017,30.16299629,32,2
Kasai-Occidental,-5.89200305,22.40299837,47,2
Kasai-Oriental,-6.149997039,23.66669729,47,2
Kashkadar'ya,38.88330294,65.75000431,222,2
Kastamonu,41.38900206,33.7830033,212,2
Katiola,8.144001031,-5.108003637,50,2
Katowice,50.26666503,18.99999936,164,2
Katsina,12.99300304,7.605999316,149,2
Kayah State,19.66500002,97.20600337,139,2
Kayanza,-2.899997927,29.56670141,32,2
Kayes,14.44899596,-11.42900067,123,2
Kayseri,38.73099592,35.47899931,212,2
Kebbi,12.45500094,4.196997382,149,2
Kedah,6.111000024,100.3619973,122,2
Keetmanshoop,-26.57400298,18.13300234,140,2
Kefa,7.677999047,36.83799944,65,2
Kelantan,6.118001969,102.2400004,122,2
Kemerovskaya oblast',54.54250198,86.61200438,170,2
Kemo-Gribingui,5.766696047,19.09999832,38,2
Kenedougou,10.97399699,-4.907996612,31,2
Kentucky,38.20100405,-84.83900361,220,2
Kerala,9.237078022,76.61620837,94,2
Kerman,30.27999599,57.06700242,96,2
Kerouane,9.264995943,-9.014003637,87,2
Keski-Suomi,62.24499896,25.74800132,69,2
Kgalagadi,-26.01700203,22.39700439,26,2
Kgatleng,-24.37700403,26.15200237,26,2
Khabarovskiy kray,53.90737197,139.1872099,170,2
Khammouan,17.396973,104.8001853,111,2
Khanh Hoa,12.24299701,109.2030034,225,2
Khanty-Mansiyskiy avtonomnyy okrug,61.01700298,69.00000342,170,2
Khar'kov,49.98967203,36.20830532,217,2
Khaskovo,41.936004,25.56800144,30,2
Kherson,46.53800096,32.54100342,217,2
Khmel'nitskiy,49.41700193,26.99900135,217,2
Khon Kaen,16.43300106,102.8369974,204,2
Khorasan,36.28999793,59.59700133,96,2
Khorezm,41.58330305,60.68330143,222,2
Khudzhand,39.75000292,69.00000342,202,2
Khulna,22.84299901,89.55800132,16,2
Khuzestan,31.31700298,48.68399741,96,2
Kibungo,-2.166695981,30.53330139,171,2
Kibuye,-2.050002034,29.3499994,171,2
Kie-Ntem,2.152997943,11.33000138,62,2
Kielce,50.87300394,20.63199639,164,2
Kien Giang,10.00700101,105.0849994,225,2
Kiev City,50.45,30.523,217,2
Kigali,-1.950003073,30.0590014,171,2
Kigoma,-4.876002059,29.61900037,203,2
Kilimanjaro,-3.338999928,37.34299831,203,2
Kindia,10.05499805,-12.86600367,87,2
Kingston,17.96692503,-76.79951968,102,2
Kinki,34.77838204,135.4984054,103,2
Kinshasa,-4.320998992,15.29900134,47,2
Kiribati,1.340756981,172.9211134,108,2
Kirklareli,41.74299908,27.22599943,212,2
Kirovograd,48.50800201,32.26500034,217,2
Kirovskaya oblast',58.63332604,49.6999984,170,2
Kirsehir,39.14199908,34.1710024,212,2
Kissidougou,9.187002005,-10.11300263,87,2
Kivu,-0.7569989396,28.52800235,47,2
Kloto,6.902000993,0.6329973301,208,2
Kocaeli,40.77399594,29.92300229,212,2
Kogi,7.809003027,6.73700441,149,2
Kohkiluyeh va buyer Ahmadi,30.65900405,51.5940034,96,2
Kokchetav,53.27399692,69.40299635,106,2
Kolda,12.89999692,-14.94399571,176,2
Kolonje,40.33330204,20.68329632,2,2
Komarom-Esztergom,47.54999708,18.43299939,92,2
Komi-Permyatskiy avton. okrug,59.01699594,54.66699937,170,2
Kon Tum,14.34999602,108.0150033,225,2
Konarha,34.86599996,71.15000436,1,2
Konduz,36.72700205,68.85999928,1,2
Konin,52.20000003,18.25200031,164,2
Konya,37.87800295,32.4819994,212,2
Kopparbergs,60.61300193,15.64700438,199,2
Korce,40.61667593,20.76666335,2,2
Kordestan,35.31899708,46.99400431,96,2
Korhogo,9.446003955,-5.644997614,50,2
Koryakskiy avtonomnyy okrug,59.08300207,159.9830014,170,2
Kosi,26.45000098,87.28329637,142,2
Kossi,12.72899703,-3.860000679,31,2
Kostromskaya oblast',57.76100095,40.94499639,170,2
Koszalin,54.18600301,16.18499738,164,2
Kouilou,-4.638707925,12.05809241,46,2
Koundara,12.48000304,-13.29599658,87,2
Kouritenga,12.17699998,-0.356003678,31,2
Kouroussa,10.65300304,-9.891998703,87,2
Krabi,8.052003038,98.91199841,204,2
Kracheh,12.46899606,106.0239964,33,2
Krakow,50.061996,19.94499942,164,2
Krasnodarskiy kray,45.03699897,38.96100039,170,2
Krasnovodsk,40.02499804,52.95799832,213,2
Krasnoyarskiy kray,61.7552595,89.71631134,170,2
Kristianstads,56.02899602,14.16600043,199,2
Kronobergs,56.88399597,14.82200131,199,2
Krosno,49.69099802,21.75499829,164,2
Kruje,41.51899808,19.79700341,2,2
Krung Thep,13.75000192,100.5166714,204,2
Kuala Lumpur,3.14999992,101.7080014,122,2
Kukes,42.08300098,20.43399635,2,2
Kulyab,37.91199594,69.78099644,202,2
Kuopio,62.89299905,27.69200141,69,2
Kurdufan,13.17999594,30.15999938,195,2
Kurgan Tyube,37.83333593,68.7999964,202,2
Kurganskaya oblast',55.43900093,65.3329984,170,2
Kurskaya oblast',51.74199901,36.17399742,170,2
Kustanay,53.20199697,63.6100024,106,2
Kutahya,39.41900102,29.97999933,212,2
Kwangju-jikhalsi,35.15300108,126.9080014,186,2
Kwara,8.492004064,4.545000416,149,2
KwaZulu/Natal,-29.40711296,31.13715634,185,2
Kweneng,-24.40199703,25.52000439,26,2
Kyiv,50.44815907,30.50210739,217,2
Kymi,60.87599998,26.70900332,69,2
Kyrenia,35.32599902,33.33300342,53,2
Kyushu,33.34228798,130.3551484,103,2
Kzyl-Orda,44.86699794,65.48300139,106,2
L'viv,49.83731106,24.03451832,217,2
La Altagracia,18.59899798,-68.5564988,58,2
La Estrelleta,18.87599693,-71.70699556,58,2
La Guajira,11.55200394,-72.89800164,44,2
La Libertad,13.67399693,-89.28999856,61,2
La Libertad,-8.111996951,-79.02999863,161,2
La Pampa,-36.62800207,-64.28799856,9,2
La Paz,-16.49900699,-68.14624461,24,2
La Paz,13.50800093,-88.86799769,61,2
La Paz,14.31999896,-87.68400265,91,2
La Rioja,-29.41299893,-66.85499663,9,2
La Rioja,42.46599603,-2.446001559,188,2
La Romana,18.42599705,-68.96799856,58,2
La Union,13.33199698,-87.8390006,61,2
La Vega,19.25000092,-70.55000067,58,2
Labe,11.32299905,-12.2990037,87,2
Lac,13.46599804,14.71670141,39,2
Laghman,34.64999993,70.16670029,1,2
Laghouat,33.80699704,2.878002431,3,2
Lagos,6.450003064,3.300003303,149,2
Lahij,13.033296,44.9000014,229,2
Lai Chau,21.74000392,103.3430044,225,2
Lakota,5.848001975,-5.682995641,50,2
Lakshadweep,10.55095208,72.63315033,94,2
Lam Dong,11.94499801,108.4419993,225,2
Lambayeque,-6.762996006,-79.8370017,161,2
Lampang,18.291996,99.48400244,204,2
Lamphun,18.50300107,99.07399831,204,2
Lampung,-5.408999937,105.2540014,95,2
Lang Son,21.84599703,106.7570013,225,2
Languedoc-Roussillon,43.61400002,3.867003439,70,2
Lao Cai,22.50000004,103.9500003,225,2
Lappi,66.49100102,25.68999632,69,2
Lara,10.06599593,-69.33899671,224,2
Larnaca,34.91700301,33.63599738,53,2
Las Tunas,20.96600408,-76.9499996,52,2
Latvia,56.88000003,24.04999832,112,2
Lavalleja,-34.374996,-55.22699658,221,2
Lazio,41.87999704,12.51999934,101,2
Legnica,51.20700292,16.15799739,164,2
Leinster,53.34155993,-6.257348713,98,2
Leiria,39.73899594,-8.804996618,165,2
Lekoumou,-3.690999061,13.3569993,46,2
Lempira,14.58330299,-88.58330059,91,2
Leningradskaya oblast',59.91666307,30.24999933,170,2
Leon,12.43299608,-86.88099568,147,2
Leribe,-28.87800301,28.05599745,114,2
Leszno,51.84399603,16.56600331,164,2
Lezhe,41.78799905,19.65400236,2,2
Liaoning,40.95203398,122.9660644,41,2
Libertador General Bernardo O'Higgins,-34.58799896,-70.98499763,40,2
Librazhd,41.20000202,20.36670341,2,2
Liechtenstein,47.14299896,9.521001372,117,2
Liege,50.62300199,5.569002376,19,2
Liguria,44.41300196,8.883000307,101,2
Likouala,1.599866992,18.00000031,46,2
Lima,-12.08199594,-77.0450036,161,2
Limassol,34.683003,33.05099742,53,2
Limburg,50.96400308,5.483997392,19,2
Limburg,50.85299697,5.677002307,143,2
Limon,9.990000042,-83.0300036,49,2
Limousin,45.83099702,1.251999382,70,2
Lindi,-10.00199707,39.70700139,203,2
Lipetskaya oblast',52.61900399,39.66000337,170,2
Lisboa,38.72999706,-9.129995602,165,2
Lithuania,54.68856299,25.27596034,118,2
Litoral,1.849679965,9.816462351,62,2
Littoral,4.136652053,9.706374347,34,2
Lobaye,3.866004025,17.99399739,38,2
Lodz,51.77799899,19.47600036,164,2
Loei,17.48999699,101.7350014,204,2
Lofa,8.416701056,-9.749996679,115,2
Logone Occidental,8.553888003,16.08970543,39,2
Logone Oriental,8.649998926,16.85099728,39,2
Loja,-3.989996922,-79.20399559,59,2
Lombardia,45.47300406,9.189999303,101,2
Lomza,53.17200007,22.0809963,164,2
Long An,10.53099905,106.4130033,225,2
Lop Buri,14.79699899,100.6190014,204,2
Lorestan,33.48399594,48.35300444,96,2
Loreto,-3.752999996,-73.19099658,161,2
Lorraine,48.68600401,6.177996307,70,2
Los Lagos,-41.47499693,-72.9520016,40,2
Los Rios,-1.794996018,-79.5300027,59,2
Los Santos,7.76600094,-80.27700256,158,2
Louang Namtha,20.95000198,101.4166983,111,2
Louangphrabang,19.88399695,102.1419993,111,2
Louga,15.75000002,-16.08329659,176,2
Louisiana,30.21069144,-90.6258462,220,2
Lovech,43.13799902,24.7190044,30,2
Lower River,13.37731203,-15.67856659,206,2
Lowgar,33.96670201,68.96670331,1,2
Luanda,-8.811998951,13.23500442,6,2
Luapula,-11.20200299,28.89099936,230,2
Lublin,51.24200404,22.5780033,164,2
Lubombo,-26.45499607,31.95199843,198,2
Luderitz,-26.64399595,15.15500143,140,2
Lugansk,48.63329995,39.2499994,217,2
Lumbini,27.53330401,83.38329929,142,2
Lunda Norte,-8.424000007,20.73400234,6,2
Lunda Sul,-9.660995985,20.39100336,6,2
Lusaka,-15.42999596,28.1700003,230,2
Lushnje,40.94000104,19.7160033,2,2
Luxembourg,49.68330303,5.816700303,19,2
Luxembourg,49.60800002,6.120000408,119,2
Luxor,25.687,32.64,60,2
Luzern,47.05800308,8.303004408,200,2
M'Sila,35.70000301,4.545000416,3,2
Ma'an,30.19200304,35.73600338,105,2
Ma'rib,15.420996,45.33399934,229,2
Macau,22.19921098,113.5451703,41,2
MacCarthy Island,13.55100302,-14.76700167,206,2
Macedonia,41.98333497,21.43333843,73,2
Macedonia,40.50549904,23.1264993,80,2
Macenta,8.541998995,-9.470996691,87,2
Madang,-5.231259069,145.7829724,159,2
Madaniyin,33.39999892,10.41669938,211,2
Madeira,32.64515994,-16.82193572,165,2
Madhya Pradesh,23.22999893,77.41199736,94,2
Madre de Dios,-12.60299708,-69.19199956,161,2
Madrid,40.44222007,-3.690971698,188,2
Madriz,13.47599705,-86.58299668,147,2
Mae Hong Son,19.30100398,97.9689964,204,2
Mafeteng,-29.83100404,27.25200038,114,2
Magadanskaya oblast',59.63329796,150.8333043,170,2
Magallanes y de la Antartica Chilena,-53.16616806,-70.93465171,40,2
Magdalena,11.25000007,-74.18099661,44,2
Magwe,20.140002,94.91799635,139,2
Maha Sarakham,16.18399796,103.2980043,204,2
Mahajanga,-15.71392802,46.30764644,120,2
Mahakali,29.30000408,80.60000431,142,2
Maharashtra,19.58949898,75.25579537,94,2
Maine,44.32100397,-69.77199563,220,2
Makamba,-4.13330395,29.79999945,32,2
Makkah,21.48519152,39.49392182,175,2
Malanje,-9.541998009,16.34100329,6,2
Malatya,38.35500298,38.30900437,212,2
Maldonado,-34.91299794,-54.94799659,221,2
Mali,12.08400296,-12.30100159,87,2
Malmohus,55.59599693,13.02300032,199,2
Malta,35.91299703,14.50400444,124,2
Maltahohe,-24.83900098,16.97200241,140,2
Maluku,-3.716667066,128.1999964,95,2
Mamou,10.37400305,-12.09200367,87,2
Man,7.405001979,-7.542998707,50,2
Manabi,-1.055996966,-80.45499562,59,2
Managua,12.15099902,-86.27300061,147,2
Manchester,18.03300298,-77.4999986,102,2
Mandalay,21.97600199,96.08400033,139,2
Mangyshlak,43.69045496,51.1417354,106,2
Manica,-19.13333408,33.48333936,138,2
Manicaland,-18.96669899,32.66669736,231,2
Manipur,24.78799796,93.94100135,94,2
Manisa,38.61900005,27.42900336,212,2
Manitoba,54.33473245,-95.62795163,35,2
Mankono,8.054000923,-6.188003613,50,2
Manus,-2.032002046,147.2799963,159,2
Manzini,-26.49500108,31.3880043,198,2
Maputo,-25.96200304,32.57399739,138,2
Mara,-1.495997992,33.80300133,203,2
Maradi,13.49000094,7.101000446,148,2
Maramures,47.65400108,23.59099844,169,2
Maranhao,-2.514996057,-44.30099657,27,2
Marche,43.62100197,13.51600229,101,2
Mardin,37.30799697,40.75000236,212,2
Margibi,6.525998952,-10.34900069,115,2
Maria Trinidad S,19.37600101,-69.84700159,58,2
Mariental,-24.62100306,17.95899643,140,2
Markazi,34.08333308,49.6999984,96,2
Marowijne,5.496003008,-54.07399762,196,2
Marsa Matruh,31.34999695,27.2369973,60,2
Marshall Is.,7.120980058,171.3676594,125,2
Martinique,14.607432,-61.07599764,126,2
Mary,37.59100199,61.83900042,213,2
Maryland,4.385997039,-7.713998598,115,2
Maryland,39.14044196,-76.55519208,220,2
Masaya,11.96900092,-86.0949986,147,2
Mascara,35.39999702,0.1400042994,3,2
Maseru,-29.30799608,27.49200332,114,2
Mashonaland East,-17.82999901,31.0200034,231,2
Masqat,23.60699999,58.58800245,155,2
Massachusetts,42.37499706,-71.10299658,220,2
Masvingo,-20.99999704,31.50000033,231,2
Mat,41.62599899,20.01600035,2,2
Matabeleland North,-20.19999607,28.71000029,231,2
Matagalpa,12.92100292,-85.9169966,147,2
Matanzas,23.04999904,-81.56500159,52,2
Mato Grosso,-15.61500007,-56.09300368,27,2
Mato Grosso do Sul,-20.45099705,-54.61599566,27,2
Maule,-35.42300104,-71.6599977,40,2
Mauritius,-20.16500406,57.4959963,128,2
Mayag?ez,18.20300402,-67.14299662,166,2
Mayo Kebi,10.27400392,15.3710013,39,2
Mayotte,-12.78330294,45.28330243,129,2
Maysan,31.836996,47.15100032,97,2
Mazandaran,36.56400296,53.05300232,96,2
Mbahiakro,7.469999988,-4.461002577,50,2
Mbeya,-8.891001016,33.43899636,203,2
Mbomou,4.737950994,22.8257373,38,2
Mechi,26.908002,87.92600429,142,2
Mecklenburg-Vorpommern,53.63330398,11.41669844,77,2
Medea,36.26700298,2.775996318,3,2
Meghalaya,25.56665997,91.88333136,94,2
Mehedinti,44.63800198,22.6559974,169,2
Melaka,2.199995964,102.2550033,122,2
Melilla,35.31648603,-2.965958663,188,2
Mendoza,-32.89699806,-68.83000158,9,2
Merida,8.601003021,-71.14899558,224,2
Meta,4.149998972,-73.6399976,44,2
Mexico,19.28300399,-99.66670171,130,2
Michigan,42.56015846,-83.81846216,220,2
Michoacan,19.69700406,-101.1850017,130,2
Micronesia,6.966701959,158.2167063,131,2
Midi-Pyrenees,43.59999597,1.438002353,70,2
Midlands,-19.46670306,29.75000435,231,2
Mikhaylovgrad,43.41400193,23.23700143,30,2
Mikkeli,61.68999606,27.28500329,69,2
Milne Bay,-10.30599899,150.4500033,159,2
Minas Gerais,-19.85200198,-43.90900169,27,2
Minh Hai,9.283337986,105.7333234,225,2
Minnesota,44.97259505,-93.18639563,220,2
Minsk,53.89993803,27.57555933,18,2
Miranda,10.34199901,-67.04000058,224,2
Mirdite,41.78330097,19.81670441,2,2
Misiones,-27.39799808,-55.90600168,9,2
Misiones,-26.67300292,-57.14700269,160,2
Misratah,32.37399908,15.09499838,116,2
Mississippi,32.31899992,-90.20300368,220,2
Missouri,38.60944197,-91.25549067,220,2
Mizoram,23.66669707,92.73330045,94,2
Mogilev,53.91099896,30.34199732,18,2
Mohale's Hoek,-30.15899993,27.47999732,114,2
Mokhotlong,-29.29100405,29.07800136,114,2
Moldova,46.99999807,28.82999729,132,2
Molise,41.56299903,14.65599638,101,2
Mon State,16.49267993,97.64503235,139,2
Monaco,43.745004,7.424001381,133,2
Monagas,9.74199597,-63.18199763,224,2
Mondol Kiri,12.44999704,107.1999994,33,2
Mono,6.615000035,1.715004292,21,2
Monsenor Novel,18.94200307,-70.40899767,58,2
Montana,46.59599703,-112.0349966,220,2
Monte Cristi,19.84300202,-71.64600258,58,2
Monte Plata,18.80700299,-69.78400163,58,2
Montenegro,42.49999796,19.40000431,135,2
Montevideo,-34.92000005,-56.16999859,221,2
Montserrado,6.367148953,-10.69850218,115,2
Montserrat,16.679997,-62.20099759,136,2
Mopti,14.48299805,-4.183001614,123,2
Moquegua,-17.193996,-70.93099767,161,2
Morazan,13.69999805,-88.1000006,61,2
More Og Romsdal,62.73600304,7.164000406,154,2
Morelos,18.92099707,-99.22100358,130,2
Morobe,-6.723998954,146.9909973,159,2
Morogoro,-6.822000032,37.66100429,203,2
Morona-Santiago,-2.312999918,-78.11499562,59,2
Moskovskaya oblast',55.74999603,37.70000134,170,2
Mostaganem,35.93999701,0.09000043315,3,2
Mouhoun,12.45500094,-3.4640006,31,2
Moxico,-11.79099904,19.90500334,6,2
Moyen-Chari,9.146996992,18.39600039,39,2
Moyen-Ogooue,-0.7059960485,10.21200338,74,2
Mpumalanga,-25.466004,30.98500244,185,2
Mtwara,-10.27500308,40.18400142,203,2
Mudug,6.773003998,47.42399739,184,2
Mugla,37.22000401,28.36700131,212,2
Munster,51.89799599,-8.490995677,98,2
Muramvya,-3.260997054,29.61199843,32,2
Murcia,37.97999996,-1.133999617,188,2
Mures,46.54299592,24.56700336,169,2
Murmanskaya oblast',68.96400306,33.08599837,170,2
Murzuq,25.910001,13.91000432,116,2
Mus,38.72999706,41.50199734,212,2
Musandam,26.19249302,56.30102142,155,2
Muyinga,-2.855996981,30.32600431,32,2
Mwanza,-2.514996057,32.88899735,203,2
Nabul,36.45600303,10.7350024,211,2
Nagaland,25.66800001,94.11599734,94,2
Nahouri,11.16899995,-1.134998641,31,2
Nairobi Area,-1.269998945,36.80399735,107,2
Najran,17.48330102,44.13330038,175,2
Nakhichevan,39.22000195,45.41400043,14,2
Nakhon Nayok,14.20000196,101.2159984,204,2
Nakhon Pathom,13.817997,100.0639983,204,2
Nakhon Phanom,17.38330206,104.7167013,204,2
Nakhon Ratchasima,14.96899807,102.1020034,204,2
Nakhon Sawan,15.70100395,100.1340004,204,2
Nakhon Si Thammarat,8.422001994,99.9649984,204,2
Namangan,40.99899597,71.67999639,222,2
Namentenga,12.65699708,-0.5689976955,31,2
Namibe,-15.16666496,12.15000038,6,2
Nampula,-15.09056548,39.97401788,138,2
Namur,50.46499802,4.86800135,19,2
Nan,18.77599797,100.7849974,204,2
Nana-Mambere,5.932998023,15.59300441,38,2
Nangarhar,34.43329792,70.46669734,1,2
Napo,-0.9833039663,-77.81669958,59,2
Narathiwat,6.427998039,101.8250013,204,2
Narayani,27.55099802,85.13000132,142,2
Narino,1.214000966,-77.2730007,44,2
Naryn,41.42500204,75.99799841,110,2
National Capital,-9.49718702,147.1479483,159,2
National Capital Region,14.63334757,121.0001448,162,2
Nauru,-0.5166989599,166.9167004,141,2
Navarra,42.81300004,-1.653002707,188,2
Navoi,40.06670406,65.33330438,222,2
Nayarit,21.50800195,-104.8969976,130,2
Neamt,46.94000396,26.38299638,169,2
Nebraska,40.80699901,-96.68199557,220,2
Neembucu,-26.86799695,-58.29599661,160,2
Negeri Sembilan,2.70800101,101.9500024,122,2
Nei Mongol,40.73650198,110.7284988,41,2
Nelson-Marlborough,-41.29700403,173.2480024,146,2
Nenetskiy avtonomnyy okrug,67.617,53.03300428,170,2
Netherlands Antilles,12.13878599,-68.97055463,144,2
Neuchatel,46.99899905,6.922998445,200,2
Neuquen,-38.944908,-68.2833326,9,2
Neuva Esparta,11.03333397,-63.8833316,224,2
Nevada,37.66750148,-117.4529983,220,2
Nevsehir,38.62400395,34.72399832,212,2
New Brunswick,45.48382504,-66.23078962,35,2
New Caledonia,-21.50000095,165.5000014,145,2
New Hampshire,43.20600304,-71.54399663,220,2
New Ireland,-2.566817927,150.8066734,159,2
New Jersey,40.47249597,-74.49049764,220,2
New Mexico,35.68300205,-105.9419966,220,2
New South Wales,-33.40886401,151.4038774,12,2
New York,42.20599267,-76.2012507,220,2
Newfoundland and Labrador,50.43004647,-56.50777763,35,2
Ngamiland,-19.994004,23.41800034,26,2
Nghe An,18.66899706,105.6719974,225,2
Ngounie,-1.884995961,11.00400337,74,2
Ngozi,-2.912003932,29.82500138,32,2
Niamey,13.51400402,2.120004365,148,2
Niari,-4.194000047,12.67200038,46,2
Niassa,-13.300002,35.23329944,138,2
Nickerie,5.938001918,-56.99199564,196,2
Nicosia,35.17100107,33.36900339,53,2
Nidwalden,46.95000298,8.383302375,200,2
Niedersachsen,52.386003,9.729000431,77,2
Nigde,37.97600403,34.69400143,212,2
Niger,9.608004017,6.552999324,149,2
Nikolayev,46.96669796,32.00000441,217,2
Nile,3.024,30.89899843,216,2
Nimba,7.371000051,-8.684999618,115,2
Nimruz,31.112001,61.8869973,1,2
Ninawa,36.33556501,43.13712632,97,2
Ningxia,38.46799804,106.2630003,41,2
Ninh Binh,20.25299705,105.9750003,225,2
Niue,-19.01666694,-169.9166696,150,2
Nizhegorodskaya oblast',56.289672,43.94067343,170,2
Nograd,48.10499998,19.82600144,92,2
Nong Khai,17.88399902,102.7469973,204,2
Nonthaburi,13.84803907,100.5198573,204,2
Noord-Brabant,51.68333704,5.316660316,143,2
Noord-Holland,52.3800225,4.763421304,143,2
Nord,9.297999011,13.39499733,34,2
Nord,19.75555797,-72.21345267,90,2
Nord-Est,19.66556696,-71.84483964,90,2
Nord-Ouest,5.958998981,10.14800439,34,2
Nord-Ouest,19.93176001,-72.82948462,90,2
Nord-Pas-de-Calais,50.84099998,2.706498394,70,2
Nord-Trondelag,64.01400306,11.49900339,154,2
Norde de Santander,7.891002001,-72.50300058,44,2
Nordgronland,77.48299807,-69.34499963,81,2
Nordjylland,57.03499799,9.932004366,55,2
Nordland,67.79540247,15.81712232,154,2
Nordrhein-Westfalen,51.21251551,7.032807361,77,2
Norfolk I.,-29.06377198,167.9629503,151,2
Norrbottens,65.57900403,22.22000141,199,2
North Bank,13.49399704,-16.09499662,206,2
North Buganda,0.583299054,32.53329933,216,2
North Carolina,35.49841198,-79.73983764,220,2
North Central,8.35000204,80.38332944,189,2
North Dakota,46.79999999,-100.7832956,220,2
North Kazakhstan,54.88329605,69.21669633,106,2
North West,-25.85899807,25.65199829,185,2
North Western,8.033004025,79.8260043,189,2
North-East,-21.17099693,27.50000429,26,2
North-Eastern,1.747998034,40.04700329,107,2
North-West,34.01499594,-6.832997687,137,2
North-west Frontier,34.00399806,71.54499631,156,2
North-Western,-12.17999701,26.40099637,230,2
Northern,9.396998948,-0.8330037058,78,2
Northern,-11.46500103,34.0229973,121,2
Northern,-8.76899703,148.2400084,159,2
Northern,8.881002034,-12.04399769,179,2
Northern,-23.89200303,29.44999836,185,2
Northern,2.779001939,32.28499838,216,2
Northern,-10.26669596,31.14999942,230,2
Northern Cape,-28.65999599,24.83000141,185,2
Northern Ireland,54.58699805,-5.91000265,219,2
Northern Mariana Is.,15.14999698,145.7350023,153,2
Northern Solomons,-6.228000078,155.5659904,159,2
Northern Territory,-17.264334,132.6606634,12,2
Northland,-35.72100004,174.3159874,146,2
Northwest Territories,65.41100105,-124.0284956,35,2
Nova Scotia,44.67999595,-63.65099668,35,2
Novgorodskaya oblast',58.54899607,31.27899641,170,2
Novosibirskaya oblast',55.03200297,82.94300139,170,2
Nowy Sacz,49.62300294,20.70199829,164,2
Nueva Asuncion,-20.51999993,-62.2040036,160,2
Nueva Segovia,13.62999598,-86.47299869,147,2
Nuevo Leon,25.677,-100.3169966,130,2
Nugaal,8.405001031,48.48200144,184,2
Nunavut,63.75535193,-68.54146162,35,2
Nusa Tenggara Barat,-8.589996003,116.1369994,95,2
Nusa Tenggara Timur,-10.17246593,123.5872893,95,2
Nyanga,-2.856996006,11.02699832,74,2
Nyanza,-0.09500406734,34.74700237,107,2
Nzerekore,7.755003062,-8.818001648,87,2
Oaxaca,17.06200197,-96.71399962,130,2
Oberosterreich,48.29799596,14.29399839,13,2
Obock,11.96700303,43.29099931,56,2
Obwalden,46.89899992,8.243001357,200,2
Ocotepeque,14.43699905,-89.18199863,91,2
Odessa,46.46666708,30.73333539,217,2
Odienne,9.50900408,-7.577000634,50,2
Ogooue-Ivindo,0.5619960116,12.85700433,74,2
Ogooue-Lolo,-1.126998061,12.5039974,74,2
Ogooue-Maritime,-0.7209989625,8.78200232,74,2
Ogun,7.158995957,3.349998398,149,2
Ohio,40.19457598,-83.06583865,220,2
Oio,12.49299897,-15.22700057,88,2
Okahandja,-21.98300406,16.91299839,140,2
Okinawa,26.20500292,127.6920004,103,2
Oklahoma,35.48999697,-97.53000268,220,2
Olancho,14.66600395,-86.21900064,91,2
Olsztyn,53.77799693,20.49200135,164,2
Olt,44.43499805,24.37100137,169,2
Omaruru,-21.43600196,15.95099736,140,2
Ombella-Mpoko,4.36585503,18.56234737,38,2
Omnogovi,43.45000208,104.4999993,134,2
Omskaya oblast',55.06299906,73.25000142,170,2
Ondo,7.246998015,5.19399936,149,2
Ontario,46.80825597,-78.59787865,35,2
Oost-Vlaanderen,51.04799993,3.735999293,19,2
Opole,50.67000001,17.92800035,164,2
Oppland,61.11999901,10.48200337,154,2
Oran,35.74999794,-0.5200016247,3,2
Orange Walk,18.08299808,-88.55700259,20,2
Ordu,40.98400199,37.87599635,212,2
Orebro,59.28000292,15.22899944,199,2
Oregon,45.199062,-122.8163441,220,2
Orenburgskaya oblast',51.78200403,55.10700039,170,2
Orissa,20.26400403,85.83499844,94,2
Orlovskaya oblast',52.99499693,36.09199844,170,2
Oruro,-17.97499795,-67.11100168,24,2
Oruzgan,32.63329807,65.86669842,1,2
Osh,40.52400293,72.79900235,110,2
Oslo,59.93800203,10.71199835,154,2
Ostergotlands,58.40199892,15.63800438,199,2
Ostfold,59.43300299,10.66899643,154,2
Ostgronland,68.08080146,-30.35204517,81,2
Ostroleka,53.08000208,21.56799629,164,2
Osun,7.76600094,4.561002354,149,2
Otago,-45.45757996,169.5685021,146,2
Otjiwarongo,-20.46400192,16.64700343,140,2
Ouaddai,13.83699602,20.83200342,39,2
Ouaka,5.759001057,20.67100238,38,2
Ouargla,31.96299608,5.342004304,3,2
Oubritenga,12.57699599,-1.293002605,31,2
Oudalan,14.45000392,-0.2332977103,31,2
Oueme,6.601104041,2.632500307,21,2
Ouest,5.486003989,10.41300033,34,2
Ouest,18.52661708,-72.34310663,90,2
Ouham,6.490997999,17.45499642,38,2
Ouham-Pende,6.316002009,16.37800229,38,2
Oulu,64.97299807,25.33500044,69,2
Oum el Bouaghi,35.84999707,7.149996352,3,2
Oume,6.375995958,-5.424002627,50,2
Outjo,-20.10799808,16.14600033,140,2
Overijssel,52.52399999,6.096996359,143,2
Ovorhangay,46.26800097,102.7719994,134,2
Oyo,7.378839012,3.895281287,149,2
P'yongan-bukto,40.09599897,124.4019963,152,2
P'yongan-namdo,39.48800406,125.4639963,152,2
P'yongyang-si,39.02900402,125.7570003,152,2
Pahang,3.99199956,102.6876514,122,2
Pais Vasco,43.06615652,-2.824280573,188,2
Paktia,33.59799896,69.22400442,1,2
Paktika,32.85000008,68.41670431,1,2
Palau,7.340615928,134.4916803,157,2
Panama,9.002879921,-79.51707859,158,2
Pando,-11.03249708,-68.79754758,24,2
Paphos,34.74999906,32.41670434,53,2
Para,-1.949499009,-51.55400212,27,2
Para,5.599998069,-55.19999659,196,2
Paraguari,-25.62399903,-57.15099863,160,2
Paraiba,-7.129998053,-34.86699855,27,2
Paramaribo,5.825996951,-55.1699997,196,2
Parana,-25.43000402,-49.28499866,27,2
Paro,27.38330102,89.5167004,23,2
Parvan,35.01399596,69.17000429,1,2
Pasco,-10.68699599,-76.26300263,161,2
Passore,12.95399706,-2.262995663,31,2
Pastaza,-1.483002064,-77.98699765,59,2
Pathum Thani,14.01669902,100.5333034,204,2
Pattani,6.864002966,101.2500004,204,2
Pavlodar,52.281999,76.96299634,106,2
Pays de la Loire,47.21900395,-1.562003574,70,2
Paysandu,-32.33199598,-58.07999658,221,2
Pedernales,18.03799794,-71.74099765,58,2
Pegu,17.32799692,96.4980004,139,2
Peloponnisos,37.8246195,22.12608637,80,2
Pemba North,-5.05803607,39.7052284,203,2
Pemba South,-5.349996076,39.66669933,203,2
Pennsylvania,40.13973001,-76.87212038,220,2
Penzenskaya oblast',53.19700201,45.00299743,170,2
Perak,4.590999023,101.0760034,122,2
Peravia,18.25919093,-70.25419763,58,2
Perlis,6.433001934,100.1899984,122,2
Permet,40.23399596,20.35199738,2,2
Permskaya oblast',58.00023902,56.23245939,170,2
Pernambuco,-8.084996968,-34.9149956,27,2
Peten,16.92700205,-89.88399868,85,2
Phangnga,8.451000027,98.53399832,204,2
Phatthalung,7.614998922,100.0809993,204,2
Phayao,19.15900196,99.90399633,204,2
Phetchabun,16.418997,101.1590014,204,2
Phetchaburi,13.10000395,99.95000442,204,2
Phichit,16.43900398,100.3490014,204,2
Phitsanulok,16.81299903,100.2660034,204,2
Phnum Penh,11.56473907,104.9131893,33,2
Phongsali,21.68330392,102.0999964,111,2
Phra Nakhon Si Ayutthaya,14.34400204,100.5609964,204,2
Phrae,18.15000308,100.1629984,204,2
Phu Yen,13.08200396,109.3159984,225,2
Phuket,7.876997946,98.38500329,204,2
Piaui,-5.104998016,-42.80200157,27,2
Picardie,49.88799903,2.302002301,70,2
Pichincha,-0.2294999183,-78.52427957,59,2
Piemonte,45.07487107,7.666425344,101,2
Pila,53.14499993,16.74500434,164,2
Pinar del Rio,22.42500301,-83.68800271,52,2
Piotrkow,51.40899906,19.69100136,164,2
Pita,11.07999904,-12.40100071,87,2
Pitcairn Is.,-25.06599905,-130.1030006,163,2
Piura,-5.193998933,-80.62499666,161,2
Plateau,9.924003007,8.892999326,149,2
Plateaux,-2.543004001,14.76000038,46,2
Plock,52.54499705,19.69200039,164,2
Pogradec,40.89999603,20.66400043,2,2
Pohjois-Karjala,62.59799695,29.77900238,69,2
Poitou-Charentes,46.58499898,0.3400023888,70,2
Poltava,49.59299694,34.55100038,217,2
Ponce,18.02099698,-66.61400361,166,2
Pondicherry,11.93300094,79.83700235,94,2
Poni,10.32499805,-3.174002568,31,2
Pool,-4.32059397,15.02356993,46,2
Portalegre,39.29000402,-7.423001707,165,2
Portland,18.15900307,-76.38000272,102,2
Porto,41.16599992,-8.585000656,165,2
Portuguesa,9.044000956,-69.7499997,224,2
Potosi,-19.58300101,-65.75599765,24,2
Pouthisat,12.534003,103.9280044,33,2
Poznan,52.39600202,16.88699743,164,2
Prachin Buri,14.04899994,101.3779983,204,2
Prachuap Khiri Khan,11.80299598,99.80000143,204,2
Prahova,44.93600099,26.03700033,169,2
Preah Vihear,13.81670093,104.9667034,33,2
Presidente Hayes,-23.43600007,-58.8519987,160,2
Prey Veng,11.48399992,105.3240033,33,2
Primorskiy kray,43.12999805,131.9604394,170,2
Prince Edward Island,46.24060498,-63.13944565,35,2
Principe,1.645001998,7.412004312,174,2
Provence-Alpes-Cote d'Azur,43.51499867,6.554665763,70,2
Przemysl,49.78999796,22.77900041,164,2
Pskovskaya oblast',57.81699896,28.34600441,170,2
Puebla,19.04863495,-98.19294263,130,2
Puerto Plata,19.79021703,-70.69024757,58,2
Puglia,41.10000306,16.86670235,101,2
Puke,42.03330293,19.8833043,2,2
Pulau Pinang,5.364000003,100.3110034,122,2
Punakha,27.63330297,89.83330242,23,2
Punjab,31.63088693,74.87155842,94,2
Punjab,32.56947901,73.38218662,156,2
Puno,-15.84500399,-70.03400359,161,2
Puntarenas,9.969002979,-84.84299971,49,2
Pusan-jikhalsi,35.15799604,129.0549874,186,2
Putumayo,1.149002957,-76.61899769,44,2
Pwani,-6.766703998,38.9167024,203,2
Qabis,33.89300105,10.10300442,211,2
Qacha's Nek,-30.11726694,28.70199932,114,2
Qafsah,34.422003,8.786997444,211,2
Qina,26.162001,32.7300033,60,2
Qinghai,36.64500307,101.7649984,41,2
Quandahar,31.61099695,65.70000045,1,2
Quang Binh,17.46399603,106.6239993,225,2
Quang Nam-Da Nang,16.05200406,108.2150014,225,2
Quang Ngai,15.12399603,108.8119984,225,2
Quang Ninh,20.94800393,107.0810014,225,2
Quang Tri,16.84999804,107.1333004,225,2
Quebec,49.35663903,-69.52801914,35,2
Queensland,-21.75849672,149.0115018,12,2
Queretaro,20.58299993,-100.3869986,130,2
Quezaltenango,14.83329601,-91.50000271,85,2
Quibili,33.68999695,8.971002365,211,2
Quiche,15.03330304,-91.1332977,85,2
Quinara,11.77299893,-15.19499669,88,2
Quindio,4.530995972,-75.69800071,44,2
Quintana Roo,19.8299985,-87.57049935,130,2
Quthing,-30.41099994,27.71600432,114,2
Ra's al Khaymah,25.78899603,55.96083931,218,2
Radom,51.39600297,21.15800142,164,2
Rajasthan,26.90499599,75.80099739,94,2
Rajshahi,24.35799595,88.63900238,16,2
Rangoon,16.87222795,96.12488738,139,2
Ranong,9.962001034,98.63800232,204,2
Rapti,28.34999996,82.18330231,142,2
Ratchaburi,13.49999996,99.90000039,204,2
Rayong,12.67700405,101.2850013,204,2
Razgrad,43.53399893,26.53599644,30,2
Region Metropolitana,-33.47502305,-70.64751555,40,2
Rehoboth,-23.319999,17.08100137,140,2
Respublika Adygeya,44.60300103,40.08799839,170,2
Respublika Altay,51.95400294,85.96700128,170,2
Respublika Bashkortostan,54.82199693,56.0960014,170,2
Respublika Buryatiya,51.84600301,107.5650034,170,2
Respublika Dagestan,42.97599896,47.51100042,170,2
Respublika Kareliya,62.39150098,33.16650336,170,2
Respublika Khakasiya,53.71900201,91.44299738,170,2
Respublika Komi,64.58583598,57.4033324,170,2
Respublika Mariy-El,56.63332794,47.8666713,170,2
Respublika Mordoviya,54.18600301,45.16700432,170,2
Respublika Sakha(Yakutiya),67.09666796,130.6633353,170,2
Respublika Severnaya Osetiya,43.04999696,44.66667639,170,2
Respublika Tatarstan,55.73301294,49.14546332,170,2
Respublika Tyva,51.71000407,94.38599733,170,2
Retalhuleu,14.53709698,-91.67701462,85,2
Reunion,-20.86669796,55.44999936,168,2
Reykjavik,64.13499892,-21.89500161,93,2
Rheinland-Pfalz,50.00200205,8.249004442,77,2
Rhode Island,41.81599806,-71.42599768,220,2
Rhone-Alpes,45.74699999,4.854996321,70,2
Riau,0.5509979677,101.4329973,95,2
Ribe,55.33329593,8.783298388,55,2
Rift Valley,-0.2799990772,36.06900333,107,2
Ringkobing,56.08400394,8.253999401,55,2
Rio de Janeiro,-22.78028704,-43.16809461,27,2
Rio Grande do Norte,-5.805999041,-35.21099672,27,2
Rio Grande do Sul,-30.04000196,-51.20800169,27,2
Rio Negro,-40.81502692,-62.99503171,9,2
Rio Negro,-33.13899905,-58.30399758,221,2
Rio San Juan,11.19999604,-84.83329757,147,2
Risaralda,4.782995977,-75.66699569,44,2
Rivas,11.431998,-85.83299958,147,2
Rivera,-30.88740604,-55.52903669,221,2
Rivercess,5.464997989,-9.577997598,115,2
Rivers,4.785002963,7.004997418,149,2
Rize,41.02000197,40.52300429,212,2
Rocha,-34.49699999,-54.32599763,221,2
Rogaland,58.97334598,5.695974347,154,2
Roi Et,16.05099593,103.6549984,204,2
Rondonia,-8.762004021,-63.9060027,27,2
Roraima,2.817998991,-60.66399562,27,2
Roskilde,55.64999706,12.11670044,55,2
Rostovskaya oblast',47.23200004,39.68800237,170,2
Rotanokiri,13.50700207,106.9810023,33,2
Rovno,50.66669695,26.16669931,217,2
Ruhengeri,-1.501002052,29.62999841,171,2
Rukwa,-7.966998017,31.61700042,203,2
Rutana,-3.931001998,29.99300436,32,2
Ruvuma,-10.68200104,35.65099839,203,2
Ruyigi,-3.481001953,30.24399641,32,2
Ryazanskaya oblast',54.59900406,39.70500334,170,2
Rzeszow,50.04399601,22.01599829,164,2
Sa'dah,16.94300399,43.76500243,229,2
Saarland,49.27200299,7.045002431,77,2
Sabah,5.967243046,116.0875803,122,2
Sabaragamuwa,6.693003075,80.38600233,189,2
Sabha,27.064998,14.43099636,116,2
Sacatepequez,14.56669803,-90.73330169,85,2
Sachsen,51.19766551,13.05153939,77,2
Sachsen-Anhalt,52.12999796,11.60900137,77,2
Safaqis,34.74523793,10.75925734,211,2
Sagaing,21.87999896,95.96199635,139,2
Sagarmatha,26.53329602,86.73329736,142,2
Saguia el Hamra,26.99999999,-13.17999568,137,2
Saida,34.84099802,0.1490042937,3,2
Saint Andrew,18.03330003,-76.7999966,102,2
Saint Ann,18.43263907,-77.19952463,102,2
Saint Catherine,17.99499602,-76.95199765,102,2
Saint Elizabeth,18.030996,-77.85199757,102,2
Saint James,18.46899898,-77.92100062,102,2
Saint Mary,18.37700098,-76.89999557,102,2
Saint Thomas,17.89100096,-76.32899966,102,2
Saint-Louis,15.95121293,-16.29783871,176,2
Sakarya,40.76666105,30.40000232,212,2
Sakassou,7.451000975,-5.293997672,50,2
Sakhalinskaya oblast',46.960002,142.7499993,170,2
Sakon Nakhon,17.16299995,104.1509974,204,2
Salah ad Din,34.19399696,43.87500041,97,2
Salaj,47.175003,23.0630043,169,2
Salamat,11.03329806,20.28330031,39,2
Salcedo,19.38300295,-70.41670159,58,2
Salta,-24.78899694,-65.40800371,9,2
Salto,-31.39599607,-57.96299666,221,2
Salzburg,47.80800001,13.05199836,13,2
Samana,19.21200306,-69.3320037,58,2
Samangan,36.26100006,68.04000028,1,2
Samarkand,39.65799599,66.9480034,222,2
Samarskaya oblast',53.19999908,50.14999828,170,2
Samoa,-13.83702295,-171.7394936,172,2
Samsun,41.29299903,36.33100236,212,2
Samut Prakan,13.58800202,100.6039983,204,2
Samut Sakhon,13.53599994,100.2740044,204,2
Samut Songkhram,13.41299693,100.0009984,204,2
San Andres y Providencia,12.56213705,-81.69032667,44,2
San Blas,9.543213028,-78.95985258,158,2
San Cristobal,18.41599803,-70.10900062,58,2
San Jose,9.93047408,-84.0786206,49,2
San Jose,-34.35499796,-56.7109976,221,2
San Juan,-31.534002,-68.52699868,9,2
San Juan,18.80700299,-71.22899667,58,2
San Juan,18.39899707,-66.06899956,166,2
San Luis,-33.31600203,-66.34799971,9,2
San Luis Potosi,22.151997,-100.9799997,130,2
San Marcos,14.966001,-91.79999959,85,2
San Marino,43.91666103,12.46666544,173,2
San Martin,-6.01200005,-76.98999567,161,2
San Miguel,13.47299998,-88.17699568,61,2
San Pedro,-24.08900405,-57.07700062,160,2
San Pedro de Macors,18.45600305,-69.30800063,58,2
San Salvador,13.70141095,-89.20023261,61,2
San Vicente,13.64100296,-88.78499969,61,2
San-Pedro,4.76199908,-6.636995697,50,2
San'a',15.36144307,44.20950329,229,2
Sanaag,10.58329801,47.3333044,184,2
Sanchez Ramirez,19.05900299,-70.1520027,58,2
Sancti Spiritus,21.93599697,-79.44299967,52,2
Sangha,3.520998066,16.03999844,38,2
Sangha,1.604996985,16.05500136,46,2
Sanguie,12.33349208,-2.466944675,31,2
Sankt Gallen,47.42299797,9.361998384,200,2
Sanmatenga,13.08799794,-1.08800062,31,2
Santa Ana,13.995999,-89.55299661,61,2
Santa Barbara,14.91900298,-88.23599971,91,2
Santa Catarina,-27.57599992,-48.61899859,27,2
Santa Cruz,-51.62499905,-69.22899856,9,2
Santa Cruz,-17.78878796,-63.19741458,24,2
Santa Fe,-32.27736601,-60.68096514,9,2
Santa Rosa,14.27900403,-90.29799858,85,2
Santander,7.112996961,-73.11999565,44,2
Santarem,39.231,-8.682002708,165,2
Santiago,19.45600193,-70.70699667,58,2
Santiago de Cuba,20.02899605,-75.82899558,52,2
Santiago del Estero,-27.79000206,-64.26899971,9,2
Santiago Rodrigu,19.504998,-71.34498863,58,2
Santo Domingo,18.48899701,-69.89900367,58,2
Sao Paulo,-23.76784801,-46.46624359,27,2
Sao Tome,0.3369959891,6.728004416,174,2
Saraburi,14.51300404,100.9140033,204,2
Saramacca,5.796998918,-55.48100357,196,2
Sarande,39.87700203,19.99999841,2,2
Saratovskaya oblast',51.49099803,45.95300139,170,2
Saravan,15.71599793,106.4269984,111,2
Sarawak,1.54899897,110.3439963,122,2
Sardegna,39.22499708,9.108999354,101,2
Saskatchewan,51.27899849,-105.6230006,35,2
Sassandra,4.95099896,-6.078995555,50,2
Satu Mare,47.79199807,22.88500229,169,2
Satun,6.616701042,100.0666984,204,2
Savannakhet,16.56099903,104.7470044,111,2
Sayda,33.58330203,35.41670133,113,2
Schaffhausen,47.706003,8.632998351,200,2
Schleswig-Holstein,54.32499903,10.12100441,77,2
Schwyz,47.01999595,8.648001431,200,2
Scotland,55.99756575,-3.835853593,219,2
Segou,13.43600098,-6.254999672,123,2
Seguela,7.959995944,-6.666002666,50,2
Selangor,3.066695943,101.5499974,122,2
Selenge,50.24999702,106.2000004,134,2
Semipalatinsk,50.41700098,80.23599934,106,2
Semnan,35.57199594,53.39600129,96,2
Seno,14.03399703,-0.02799868284,31,2
Seoul-jikhalsi,37.54235708,126.9352443,186,2
Serbia,44.79967803,20.41255844,177,2
Sergipe,-10.91099699,-37.06000157,27,2
Seti,28.69499698,80.59300236,142,2
Setif,36.18899994,5.414004423,3,2
Setubal,38.52099898,-8.882000632,165,2
Severocesky,50.66299806,14.08100438,54,2
Severomoravsky,49.81899599,18.26199933,54,2
Seychelles,-4.616999944,55.44500441,178,2
Shaanxi,34.26570004,108.8833594,41,2
Shaba,-11.68000204,27.54999939,47,2
Shabeellaha Dhexe,2.799999002,45.50000444,184,2
Shabeellaha Hoose,1.79999995,44.83330238,184,2
Shamal Sina',31.13330404,33.80000442,60,2
Shan State,20.78199899,97.03800039,139,2
Shandong,36.40217847,118.7005639,41,2
Shanghai,31.24799994,121.4730004,41,2
Shanxi,37.89299693,112.5520024,41,2
Shewa,9.029997066,38.70000039,65,2
Shikoku,33.83499605,132.7749934,103,2
Shinyanga,-3.664997938,33.42099637,203,2
Shiselweni,-26.99999995,31.41669636,198,2
Shkoder,42.07400098,19.52800244,2,2
Sibiu,45.78699607,24.14300444,169,2
Sichuan,30.107052,105.2968458,41,2
Sicilia,38.12100296,13.35899735,101,2
Sidamo,7.05999602,38.47699842,65,2
Sidi bel Abbes,35.19700203,-0.6389996001,3,2
Sidi Bu Zayd,35.016696,9.500004309,211,2
Siedlce,52.16799599,22.27899634,164,2
Siemreab-Otdar Meanchey,13.36899598,103.8639963,33,2
Sieradz,51.59600106,18.73299644,164,2
Siguiri,11.41900208,-9.179000609,87,2
Siirt,37.94399999,41.93299837,212,2
Sikasso,11.31499808,-5.672996622,123,2
Sikkim,27.32900401,88.61699736,94,2
Silyanah,36.08330404,9.383301427,211,2
Sinaloa,24.08325295,-106.8280016,130,2
Sind,25.13659053,67.69723985,156,2
Sinfra,6.617996944,-5.912000699,50,2
Sing Buri,14.88699893,100.4010033,204,2
Singapore,1.268855986,103.8317943,180,2
Singida,-4.816998033,34.74399636,203,2
Sino,5.007996,-9.036998585,115,2
Sinop,42.02299793,35.1530013,212,2
Sisaket,15.11399701,104.3330043,204,2
Sissili,11.09400293,-2.097998691,31,2
Sistan va Baluchestan,29.50000201,60.87300329,96,2
Sitrah,26.10000007,50.61384931,15,2
Sivas,39.74799593,37.01799933,212,2
Skaraborgs,58.70500198,13.82799641,199,2
Skierniewice,51.95999693,20.14200043,164,2
Skikda,36.88100097,6.908004302,3,2
Skrapar,40.51670394,20.23329644,2,2
Slovenia,46.06829992,14.63960738,182,2
Slupsk,54.46199699,17.03300432,164,2
Smolenskaya oblast',54.78900296,32.03700341,170,2
Soc Trang,9.600003048,105.9666664,225,2
Sodermanlands,58.76399707,17.01500433,199,2
Sofala,-19.82700004,34.83600329,138,2
Sogn Og Fjordane,61.18329602,6.8499993,154,2
Sokoto,13.05700203,5.246001441,149,2
Solola,14.77299592,-91.18299559,85,2
Solomon Is.,-9.433845006,159.9517804,183,2
Solothurn,47.212002,7.536996437,200,2
Somogy,46.36099798,17.7939993,92,2
Son La,21.32800207,103.9100044,225,2
Sonderjylland,55.04799598,9.4140003,55,2
Song Be,10.96907402,106.6527453,225,2
Songkhla,7.19700292,100.5930003,204,2
Sonora,29.09400307,-110.9619987,130,2
Sonsonate,13.72100405,-89.71900171,61,2
Sool,8.433297082,47.31669944,184,2
Sor-Trondelag,63.41599807,10.4120013,154,2
Soriano,-33.278004,-58.01499857,221,2
Sotouboua,8.557002074,0.9849962974,208,2
Soubre,5.781996004,-6.603002706,50,2
Soum,14.09900398,-1.627001583,31,2
Sourou,13.06899893,-3.06999857,31,2
South,30.41800192,-9.611000666,137,2
South Australia,-34.81167594,138.5208273,12,2
South Buganda,-0.3349980677,31.73400035,216,2
South Carolina,34.01399708,-80.9970026,220,2
South Dakota,44.36669699,-100.3499996,220,2
South Sinai,27.916,34.33,60,2
South-East,-24.93396444,25.8138994,26,2
Southern,-24.97799699,25.34300141,26,2
Southern,-15.79300207,34.99399831,121,2
Southern,7.967997079,-11.73400161,179,2
Southern,6.032996985,80.21799935,189,2
Southern,-0.605996921,30.64899631,216,2
Southern,-17.85799802,25.8579993,230,2
Southern Highlands,-6.141996069,143.6519884,159,2
Southern Mindanao,7.080084081,125.6136844,162,2
Southland,-46.41300003,168.3729994,146,2
St. Helena,-15.92199907,-5.705000665,190,2
St. Kitts & Nevis,17.29299597,-62.73199758,191,2
St. Lucia,14.00835153,-60.99150111,192,2
St. Pierre & Miquelon,46.78599593,-56.19400166,193,2
St. Vincent & the Grenadines,13.15536303,-61.22931262,194,2
Staden Kobenhavn,55.71999897,12.5499964,55,2
Stann Creek,16.96500008,-88.21400362,20,2
Stavropol'skiy kray,45.059004,41.96300437,170,2
Steiermark,47.06499592,15.43100435,13,2
Stockholms,59.33116799,17.99145043,199,2
Stoeng Treng,13.52300401,105.9740013,33,2
Storstrom,54.77300102,11.87199942,55,2
Stredocesky,50.10599695,14.45699732,54,2
Stredoslovensky,48.719997,19.15000235,181,2
Suceava,47.64999604,26.31666639,169,2
Suchitepequez,14.53420796,-91.50036264,85,2
Sucre,9.306999005,-75.39200057,44,2
Sucre,10.45400398,-64.18199668,224,2
Sud,2.917997953,11.14800345,34,2
Sud,18.18999899,-73.7479977,90,2
Sud-Est,18.23499896,-72.53700268,90,2
Sud-Ouest,4.155003032,9.23100334,34,2
Suhaj,26.54499605,31.6950033,60,2
Suhbaatar,46.67900396,113.2800034,134,2
Sukhothai,17.01299696,99.7499974,204,2
Sulawesi Selatan,-5.190425976,119.7227883,95,2
Sulawesi Tengah,-0.8990009639,119.8510024,95,2
Sulawesi Tenggara,-3.955436984,122.5883614,95,2
Sulawesi Utara,1.483335054,124.8499983,95,2
Sumatera Barat,-0.9539999544,100.3519983,95,2
Sumatera Selatan,-2.99099706,104.7570034,95,2
Sumatera Utara,3.584997051,98.67600034,95,2
Sumy,50.94999902,34.83330342,217,2
Suphan Buri,14.47100098,100.1289963,204,2
Surat Thani,9.134999923,99.33399928,204,2
Surin,14.88600008,103.4970033,204,2
Surkhandar'ya,37.25000107,67.24999834,222,2
Susah,35.82954908,10.63587637,211,2
Suwalki,54.10299608,22.94000129,164,2
Svalbard and Jan Mayen,78.20000103,15.6600003,197,2
Svay Rieng,11.07999904,105.8010034,33,2
Sverdlovskaya oblast',56.84654702,60.61013134,170,2
Swakopmund,-22.88793151,14.57254835,140,2
Syrdar'ya,40.51670394,68.78330141,222,2
Szabolcs-Szatmar-Bereg,47.95700398,21.72200432,92,2
Szczecin,53.43800397,14.53100442,164,2
T'bilisi,41.72181303,44.78312741,76,2
Ta'izz,13.57000203,44.01500439,229,2
Tabasco,17.97599701,-92.93699661,130,2
Tabora,-5.018003918,32.82599739,203,2
Tabou,4.416003032,-7.35699557,50,2
Tabuk,28.38330007,36.60000333,175,2
Tachira,7.765002081,-72.2279967,224,2
Tacna,-18.01800003,-70.25100264,161,2
Tacuarembo,-31.70500206,-55.98299659,221,2
Tadjoura,11.78330393,42.90000329,56,2
Taegu-jikhalsi,35.86400096,128.5910013,186,2
Tagant,18.55800006,-11.43099872,127,2
Tahoua,14.89100397,5.265999314,148,2
Taiwan,23.70068327,120.6681866,41,2
Tak,16.87799704,99.1199973,204,2
Takev,10.98330296,104.7833014,33,2
Takhar,36.72999896,69.54000341,1,2
Talas,42.51500103,72.23699734,110,2
Taldy Kurgan,45.01299606,78.37800342,106,2
Tamanghasset,25.01500058,4.04000138,3,2
Tamaulipas,22.99112103,-98.49081115,130,2
Tambacounda,13.77299703,-13.6780017,176,2
Tambovskaya oblast',52.72200003,41.41700129,170,2
Tamil Nadu,11.48799147,79.18486236,94,2
Tanda,7.797996047,-3.166001598,50,2
Tandjile,9.395001064,16.30500331,39,2
Tanga,-5.068998038,39.09899738,203,2
Tapoa,12.07700101,1.796004406,31,2
Taraba,8.883998943,11.36899843,149,2
Tarabulus,32.89312793,13.15689332,116,2
Taranaki,-39.06999892,174.0780004,146,2
Tarapaca,-20.22100207,-70.14899669,40,2
Tarija,-21.53199605,-64.73099666,24,2
Tarnobrzeg,50.58099893,21.68000142,164,2
Tarnow,50.00699701,20.99300429,164,2
Tartus,34.89200108,35.89800344,201,2
Tashauz,41.83399805,59.95700143,213,2
Tashkent,41.24793601,69.34986931,222,2
Tasmania,-42.85099803,147.2910033,12,2
Tatawin,33.00000307,10.46670342,211,2
Tawzar,33.92399697,8.13099639,211,2
Tay Ninh,11.32299905,106.1469994,225,2
Taymyrskiy(Dolgano-Nenetskiy) avt.okrug,69.39000003,87.15850241,170,2
Tebessa,35.40699897,8.120997371,3,2
Tehran,35.77400102,51.44799634,96,2
Tekirdag,40.98469503,27.51666336,212,2
Tel Aviv,32.04500399,34.76999732,100,2
Telemark,59.20700394,9.614997415,154,2
Teleorman,43.90163098,25.28670635,169,2
Telimele,10.90500305,-13.04299771,87,2
Tenasserim,14.08400106,98.20199739,139,2
Tengrela,10.48100396,-6.4089986,50,2
Tennessee,35.62836298,-88.40915966,220,2
Tensift,31.63100392,-8.0119976,137,2
Tepelene,40.28329801,20.03329836,2,2
Terengganu,4.787500442,103.3038498,122,2
Ternopl',49.55100298,25.60400141,217,2
Tete,-16.16400005,33.58700131,138,2
Texas,30.55702799,-98.26027915,220,2
Thai Binh,20.45030405,106.3330294,225,2
Thanh Hoa,19.80899993,105.7770003,225,2
Thessalia,39.639996,22.41900031,80,2
Thies,14.80499996,-16.92399561,176,2
Thimphu,27.44299792,89.66700044,23,2
Thraki,41.133303,25.41670237,80,2
Thua Thien Hue,16.46299795,107.5850013,225,2
Thurgau,47.56799707,9.108000329,200,2
Thuringen,50.97599998,11.03599831,77,2
Tianjin,39.12800396,117.1850044,41,2
Tiaret,35.37800094,1.325997386,3,2
Tiassale,5.877000008,-4.822001704,50,2
Ticino,46.19700004,9.019998436,200,2
Tien Giang,10.35399608,106.3670043,225,2
Tierra del Fuego,-54.792,-68.29800256,9,2
Tigray,13.49600403,39.4740004,65,2
Timis,45.75599999,21.23800235,169,2
Timor Leste,-8.57099699,125.5809964,207,2
Tindouf,27.70000199,-8.160002709,3,2
Tirane,41.33199592,19.83200436,2,2
Tiris Zemmour,22.67900106,-12.70700068,127,2
Tirol,47.26500294,11.34999942,13,2
Tizi Ouzou,36.80000103,4.033332389,3,2
Tlaxcala,19.31000398,-98.23699769,130,2
Tlemcen,34.88300092,-1.313999668,3,2
Toamasina,-18.16669802,49.38329743,120,2
Tocantins,-10.21276798,-48.36034763,27,2
Togdheer,9.533304032,45.53330438,184,2
Tohoku,39.53533057,140.8205074,103,2
Tokat,40.30599608,36.56300432,212,2
Toledo,16.11600304,-88.8000026,20,2
Toliara,-23.34999606,43.6666684,120,2
Tolima,4.440996029,-75.24399563,44,2
Tolna,46.34399702,18.7129984,92,2
Tombali,11.21669996,-15.16670064,88,2
Tomskaya oblast',56.47799704,84.97099833,170,2
Tonga,-21.13090206,-175.2456506,209,2
Torun,53.01099904,18.61100139,164,2
Toscana,43.78157093,11.20774536,101,2
Totonicapan,14.91399892,-91.35800068,85,2
Touba,8.27999997,-7.684001706,50,2
Tougue,11.43999897,-11.67000263,87,2
Toumodi,6.552000075,-5.019002554,50,2
Tov,47.71099795,106.9470004,134,2
Tra Vinh,9.934002027,106.3340014,225,2
Trabzon,41.00100295,39.71799943,212,2
Trang,7.549002053,99.61499732,204,2
Trarza,17.29799995,-15.88849618,127,2
Trat,12.23700303,102.5090014,204,2
Treinta y Tres,-33.23099704,-54.37500263,221,2
Trelawny,18.47958298,-77.6560497,102,2
Trentino-Alto Adige,46.06800304,11.12000444,101,2
Trinidad & Tobago,10.63973704,-61.49006059,210,2
Tripura,23.81670006,91.26669639,94,2
Troms,69.66700197,18.95400036,154,2
Tropoje,42.33329998,20.08330239,2,2
Trujillo,9.375003025,-70.43200172,224,2
Tselinograd,51.18900293,71.43200142,106,2
Tsumeb,-19.248003,17.7110013,140,2
Tucuman,-26.82900006,-65.21399961,9,2
Tul'skaya oblast',54.21099601,37.60900237,170,2
Tulcea,45.18000002,28.80600331,169,2
Tumbes,-3.56799605,-80.4539966,161,2
Tunceli,39.11669994,39.5333013,212,2
Tungurahua,-1.240002053,-78.62000359,59,2
Tunis,36.81900004,10.16600438,211,2
Turgay,49.62600001,63.49899629,106,2
Turks & Caicos Is.,21.46666496,-71.13332659,214,2
Turku Ja Pori,60.44900398,22.2589983,69,2
Tuvalu,-8.536499935,179.2218874,215,2
Tuyen Quang,21.81799802,105.2109994,225,2
Tverskaya oblast',56.86667099,35.91666934,170,2
Tyumenskaya oblast',57.15000003,65.53333838,170,2
Ubon Ratchathani,15.23899807,104.8570023,204,2
Ucayali,-8.387001005,-74.5270016,161,2
Udmurtskaya Respublika,56.85000298,53.23333533,170,2
Udon Thani,17.40699899,102.7899994,204,2
Uige,-7.749998964,15.14999737,6,2
Ul'yanovskaya oblast',54.30500099,48.36200444,170,2
Ulaanbaatar,47.92899603,106.9119994,134,2
Umbria,43.11299692,12.38499942,101,2
Umm al Qaywayn,25.57833302,55.56245428,218,2
Upper East,10.76670008,-0.866699654,78,2
Upper River,13.31000106,-14.22299665,206,2
Upper West,10.05499805,-2.495996655,78,2
Uppsala,59.85399607,17.64700231,199,2
Ural'sk,51.22299592,51.35599834,106,2
Urfa,37.15900194,38.79700244,212,2
Uri,46.87900205,8.638002412,200,2
Usak,38.68200001,29.4080044,212,2
Ust'-Ordynskiy Buryatskiy avt.okrug,52.83299703,104.6999974,170,2
Usulutan,13.34600104,-88.4320017,61,2
Utah,40.692996,-111.8919957,220,2
Uthai Thani,15.37900204,100.0260003,204,2
Utrecht,52.10000107,5.112000386,143,2
Uttar Pradesh,26.44145926,80.55055055,94,2
Uttaradit,17.62299902,100.1030043,204,2
Uusimaa,60.19641899,24.97670135,69,2
Uva,6.984998991,81.05599834,189,2
Uvs,49.98400206,92.06900138,134,2
Vaasa,63.09399599,21.60900033,69,2
Vakaga,10.27600197,22.79400333,38,2
Valais,46.23900293,7.353999311,200,2
Valenciana,39.47100293,-0.3670015565,188,2
Valle,13.52799897,-87.48899969,91,2
Valle d'Aosta,45.73700097,7.315002425,101,2
Valle del Cauca,3.456999081,-76.52199564,44,2
Valparaiso,-30.06449997,-90.44250181,40,2
Valverde,19.55199603,-71.07499758,58,2
Van,38.48900403,43.40899843,212,2
Vanuatu,-17.73999907,168.3209973,223,2
Vardak,34.450002,68.7999964,1,2
Varmlands,59.38800302,13.5109984,199,2
Varna,43.20600304,27.90700241,30,2
Vas,47.23599598,16.62200133,92,2
Vaslui,46.63332898,27.7333384,169,2
Vasterbottens,63.82400399,20.25199842,199,2
Vasternorrlands,62.63399693,17.93400344,199,2
Vastmanlands,59.61699898,16.55900137,199,2
Vaud,46.52499593,6.623001394,200,2
Vaupes,1.266003048,-70.22099665,44,2
Vavoua,7.372997935,-6.482996604,50,2
Vejle,55.70900093,9.534996326,55,2
Veneto,45.42477302,12.37071636,101,2
Veracruz,19.35900005,-96.51299812,130,2
Veraguas,8.100998944,-80.96499855,158,2
Vermont,44.26199994,-72.57999566,220,2
Vest-Agder,58.20100197,7.928001392,154,2
Vestfold,59.26400098,10.4210013,154,2
Vestgronland,66.75759454,-52.56649767,81,2
Vestsjalland,55.43299801,11.56670143,55,2
Veszprem,47.09099704,17.91099939,92,2
Viana do Castelo,41.69623505,-8.84413764,165,2
Viangchan,18.001737,102.6802354,111,2
Viborg,56.45300404,9.416997375,55,2
Vichada,6.184998028,-67.4890016,44,2
Victoria,-37.85295597,145.0751043,12,2
Vila Real,41.29399806,-7.737002647,165,2
Vilcea,45.10999795,24.38299844,169,2
Villa Clara,22.41399603,-79.96599869,52,2
Vinh Long,10.25600394,105.9640023,225,2
Vinh Phu,21.30499802,105.4279984,225,2
Vinnitsa,49.23299701,28.48200335,217,2
Virgin Is.,18.350001,-64.93333469,226,2
Virginia,37.22114701,-76.87078613,220,2
Viseu,40.65699602,-7.910000588,165,2
Vitebsk,55.19799897,30.22100129,18,2
Vladimirskaya oblast',56.14700407,40.37400032,170,2
Vlore,40.47200101,19.49000442,2,2
Volgogradskaya oblast',48.70999798,44.48400345,170,2
Vologodskaya oblast',59.22700198,39.87700242,170,2
Volta,6.599996956,0.470997433,78,2
Volyn,50.73333292,25.33333535,217,2
Vorarlberg,47.51669697,9.766701415,13,2
Voronezhskaya oblast',51.71499903,39.26899841,170,2
Vrancea,45.701001,27.18900042,169,2
Vychodocesky,50.20599607,15.81200135,54,2
Vychodoslovensky,48.69999896,21.24999942,181,2
Waikato,-37.77599697,175.2729933,146,2
Walbrzych,50.74900207,16.28700332,164,2
Wales,51.48333895,-3.2166626,219,2
Wallis & Futuna,-13.27329906,-176.1515636,227,2
Wanganui-Manawatu,-39.93000293,175.0349974,146,2
Wangdi Phodrang,27.43329595,89.91669642,23,2
Warszawa,52.24494605,21.01187737,164,2
Washington,47.31627599,-122.6043267,220,2
Wasit,32.50199705,45.81900034,97,2
Wele-Nzas,1.622996974,11.31100237,62,2
Welega,9.087003043,36.54000044,65,2
Wellington,-41.33484005,174.8072164,146,2
Welo,11.08330193,39.68330429,65,2
West Bank,31.85299794,35.45900144,228,2
West Bengal,22.54400098,88.33400143,94,2
West New Britain,-5.550002936,150.1430134,159,2
West Sepik,-2.690000984,141.3039963,159,2
West Virginia,38.35500298,-81.65400268,220,2
West-Vlaanderen,51.21,3.220002379,19,2
Western,4.930002062,-1.711997631,78,2
Western,0.2809979737,34.74199831,107,2
Western,-9.109152,143.2337223,159,2
Western,6.927002926,79.84800039,189,2
Western,13.27899604,-16.6529966,206,2
Western,0.6710040695,30.27500142,216,2
Western,-15.27699606,23.13199841,230,2
Western Area,8.486000979,-13.2389997,179,2
Western Australia,-32.00008499,115.8937879,12,2
Western Cape,-33.97899592,18.48200439,185,2
Western Highlands,-5.865003067,144.2199963,159,2
Westland,-42.47199908,171.2070004,146,2
Westmoreland,18.16399803,-77.9480006,102,2
Wien,48.20211903,16.32097844,13,2
Windhoek,-22.56000305,17.07699633,140,2
Wisconsin,43.06730399,-88.69536869,220,2
Wloclawek,52.647003,19.06700435,164,2
Woleu-Ntem,1.598003977,11.57900431,74,2
Woqooyi Galbeed,9.56099706,44.06000436,184,2
Wroclaw,51.12199794,17.03799945,164,2
Wyoming,41.13399605,-104.8139996,220,2
Xaignabouri,19.19500193,101.4840004,111,2
Xiangkhoang,19.33329597,103.3667013,111,2
Xinjiang,41.63150248,81.79349885,41,2
Xizang,29.65100402,91.13200229,41,2
Yala,6.550002025,101.2889974,204,2
Yamalo-Nenetskiy avtonomnyy okrug,66.57000292,66.58000233,170,2
Yamoussoukro,6.81800397,-5.282999628,50,2
Yanggang-do,41.38981194,128.1687933,152,2
Yaracuy,10.33599592,-68.74599562,224,2
Yaroslavskaya oblast',57.60700202,39.85800341,170,2
Yasothon,15.78799805,104.1509974,204,2
Yatenga,13.56900301,-2.417003692,31,2
Yazd,31.89699905,54.36099939,96,2
Yen Bai,21.70500297,104.8750023,225,2
Yerushalayim,31.77374401,35.22521738,100,2
Yevreyskaya avtonomnaya oblast',48.81699905,132.8999944,170,2
Yobe,11.74899602,11.9660044,149,2
Yogyakarta,-7.796996985,110.3689984,95,2
Yomou,7.562997006,-9.260000558,87,2
Yoro,15.05999704,-87.29000062,91,2
Yozgat,39.817998,34.81499729,212,2
Yucatan,20.98299594,-89.62800257,130,2
Yukon Territory,60.72599698,-135.0440097,35,2
Yunnan,25.05099601,102.7019973,41,2
Zabol,32.10499794,66.89999742,1,2
Zacapa,14.97200392,-89.52900264,85,2
Zacatecas,22.76399694,-102.5549997,130,2
Zaghwan,36.39999608,10.14699643,211,2
Zaire,-6.300000033,14.26670137,6,2
Zakarpats'ka,48.62199592,22.31100038,217,2
Zala,46.84400093,16.83999941,92,2
Zambezia,-17.87799606,36.88399844,138,2
Zamora-Chinchipe,-4.068998986,-78.95699965,59,2
Zamosc,50.72599802,23.25999638,164,2
Zanjan,36.67100403,48.48499835,96,2
Zanzibar Central/South,-6.133302055,39.28329934,203,2
Zanzibar North,-5.87899802,39.25999842,203,2
Zanzibar Urban/West,-6.165998978,39.20300138,203,2
Zapadocesky,49.74599701,13.38399929,54,2
Zaporozh'ye,47.853999,35.1569974,217,2
Zeeland,51.50199608,3.609999373,143,2
Zelaya,12.01100398,-83.76599665,147,2
Zhejiang,30.25299601,120.1650033,41,2
Zhitomir,50.25200401,28.66300243,217,2
Zielona Gora,51.94199694,15.49199732,164,2
Ziguinchor,12.580002,-16.28399666,176,2
Zinder,13.79699994,8.993997313,148,2
Ziwa Magharibi,-1.322001026,31.80799835,203,2
Zonguldak,41.45599796,31.79899836,212,2
Zou,7.183998056,1.989000385,21,2
Zoundweogo,11.66200192,-1.064996571,31,2
Zuenoula,7.434999036,-6.049997688,50,2
Zug,47.17899894,8.487000393,200,2
Zuid-Holland,51.98386204,4.299819385,143,2
Zulia,10.64500207,-71.63700259,224,2
Zurich,47.40100205,8.533998414,200,2